No.,file_name,law_type,year,law_name,Số hiệu,lĩnh_vực,status,file_path,file_type,"SỬA ĐỔI, BỔ SUNG",_so_hieu_key,CHECK_META_IN_AUTH,CHECK_AUTH_IN_META,RECORD_TYPE,IN_AUTHORITATIVE
1,Bộ luật-100-2015-QH13,BỘ LUẬT,2015,BỘ LUẬT HÌNH SỰ,100/2015/QH13,non-economics,Văn bản hết hiệu lực một phần,D:\Github\KLTN\application\inputs\full_law\Bộ luật-100-2015-QH13.docx,.docx,,100/2015/QH13,OK,,METADATA_ROW,True
2,Bộ luật-101-2015-QH13,BỘ LUẬT,2015,BỘ LUẬT TỐ TỤNG HÌNH SỰ,101/2015/QH13,non-economics,Văn bản hết hiệu lực một phần,D:\Github\KLTN\application\inputs\full_law\Bộ luật-101-2015-QH13.docx,.docx,,101/2015/QH13,OK,,METADATA_ROW,True
3,Bộ luật-45-2019-QH14,BỘ LUẬT,2019,BỘ LUẬT LAO ĐỘNG,45/2019/QH14,economics,Văn bản hết hiệu lực một phần,D:\Github\KLTN\application\inputs\full_law\Bộ luật-45-2019-QH14.docx,.docx,,45/2019/QH14,OK,,METADATA_ROW,True
4,Bộ luật-91-2015-QH13,BỘ LUẬT,2015,BỘ LUẬT DÂN SỰ,91/2015/QH13,economics,Văn bản còn hiệu lực,D:\Github\KLTN\application\inputs\full_law\Bộ luật-91-2015-QH13.docx,.docx,,91/2015/QH13,OK,,METADATA_ROW,True
5,Bộ luật-92-2015-QH13,BỘ LUẬT,2015,BỘ LUẬT TỐ TỤNG DÂN SỰ,92/2015/QH13,non-economics,Văn bản hết hiệu lực một phần,D:\Github\KLTN\application\inputs\full_law\Bộ luật-92-2015-QH13.docx,.docx,,92/2015/QH13,OK,,METADATA_ROW,True
6,Bộ luật-95-2015-QH13,BỘ LUẬT,2015,BỘ LUẬT HÀNG HẢI VIỆT NAM,95/2015/QH13,economics,Văn bản hết hiệu lực một phần,D:\Github\KLTN\application\inputs\full_law\Bộ luật-95-2015-QH13.docx,.docx,,95/2015/QH13,OK,,METADATA_ROW,True
7,Luật-01-2016-QH14,LUẬT,2016,LUẬT ĐẤU GIÁ TÀI SẢN,01/2016/QH14,economics,Văn bản hết hiệu lực một phần,D:\Github\KLTN\application\inputs\full_law\Luật-01-2016-QH14.docx,.docx,,01/2016/QH14,OK,,METADATA_ROW,True
8,Luật-01-2021-QH15,LUẬT,2021,"LUẬT SỬA ĐỔI, BỔ SUNG MỘT SỐ ĐIỀU VÀ PHỤ LỤC DANH MỤC CHỈ TIÊU THỐNG KÊ QUỐC GIA CỦA LUẬT THỐNG KÊ",01/2021/QH15,economics,Văn bản còn hiệu lực,D:\Github\KLTN\application\inputs\full_law\Luật-01-2021-QH15.docx,.docx,"SỬA ĐỔI, BỔ SUNG",01/2021/QH15,OK,,METADATA_ROW,True
9,Luật-02-2011-QH13,LUẬT,2011,LUẬT KHIẾU NẠI,02/2011/QH13,non-economics,Văn bản hết hiệu lực một phần,D:\Github\KLTN\application\inputs\full_law\Luật-02-2011-QH13.docx,.docx,,02/2011/QH13,OK,,METADATA_ROW,True
10,Luật-02-2016-QH14,LUẬT,2016,"LUẬT TÍN NGƯỠNG, TÔN GIÁO",02/2016/QH14,non-economics,Văn bản hết hiệu lực một phần,D:\Github\KLTN\application\inputs\full_law\Luật-02-2016-QH14.docx,.docx,,02/2016/QH14,OK,,METADATA_ROW,True
11,Luật-02-2021-QH15,LUẬT,2021,"LUẬT SỬA ĐỔI, BỔ SUNG MỘT SỐ ĐIỀU CỦA BỘ LUẬT TỐ TỤNG HÌNH SỰ",02/2021/QH15,non-economics,Văn bản bị sửa đổi,D:\Github\KLTN\application\inputs\full_law\Luật-02-2021-QH15.docx,.docx,"SỬA ĐỔI, BỔ SUNG",02/2021/QH15,OK,,METADATA_ROW,True
12,Luật-03-2007-QH12,LUẬT,2007,"LUẬT PHÒNG, CHỐNG BỆNH TRUYỀN NHIỄM",03/2007/QH12,non-economics,Văn bản hết hiệu lực một phần,D:\Github\KLTN\application\inputs\full_law\Luật-03-2007-QH12.docx,.docx,,03/2007/QH12,OK,,METADATA_ROW,True
13,Luật-03-2022-QH15,LUẬT,2022,"LUẬT SỬA ĐỔI, BỔ SUNG MỘT SỐ ĐIỀU CỦA LUẬT ĐẦU TƯ CÔNG, LUẬT ĐẦU TƯ THEO PHƯƠNG THỨC ĐỐI TÁC CÔNG TƯ, LUẬT ĐẦU TƯ, LUẬT NHÀ Ở, LUẬT ĐẤU THẦU, LUẬT ĐIỆN LỰC, LUẬT DOANH NGHIỆP, LUẬT THUẾ TIÊU THỤ ĐẶC BIỆT VÀ LUẬT THI HÀNH ÁN DÂN SỰ",03/2022/QH15,economics,Văn bản hết hiệu lực một phần,D:\Github\KLTN\application\inputs\full_law\Luật-03-2022-QH15.docx,.docx,"SỬA ĐỔI, BỔ SUNG",03/2022/QH15,OK,,METADATA_ROW,True
14,Luật-04-2007-QH12,LUẬT,2007,LUẬT THUẾ THU NHẬP CÁ NHÂN,04/2007/QH12,economics,Văn bản hết hiệu lực một phần,D:\Github\KLTN\application\inputs\full_law\Luật-04-2007-QH12.docx,.docx,,04/2007/QH12,OK,,METADATA_ROW,True
15,Luật-04-2011-QH13,LUẬT,2011,LUẬT ĐO LƯỜNG,04/2011/QH13,non-economics,Văn bản hết hiệu lực một phần,D:\Github\KLTN\application\inputs\full_law\Luật-04-2011-QH13.docx,.docx,,04/2011/QH13,OK,,METADATA_ROW,True
16,Luật-04-2017-QH14,LUẬT,2017,LUẬT HỖ TRỢ DOANH NGHIỆP NHỎ VÀ VỪA,04/2017/QH14,economics,Văn bản hết hiệu lực một phần,D:\Github\KLTN\application\inputs\full_law\Luật-04-2017-QH14.docx,.docx,,04/2017/QH14,OK,,METADATA_ROW,True
17,Luật-04-2022-QH15,LUẬT,2022,LUẬT CẢNH SÁT CƠ ĐỘNG,04/2022/QH15,non-economics,Văn bản còn hiệu lực,D:\Github\KLTN\application\inputs\full_law\Luật-04-2022-QH15.docx,.docx,,04/2022/QH15,OK,,METADATA_ROW,True
18,Luật-05-2007-QH12,LUẬT,2007,"LUẬT CHẤT LƯỢNG SẢN PHẨM, HÀNG HOÁ",05/2007/QH12,economics,Văn bản hết hiệu lực một phần,D:\Github\KLTN\application\inputs\full_law\Luật-05-2007-QH12.docx,.docx,,05/2007/QH12,OK,,METADATA_ROW,True
19,Luật-05-2011-QH13,LUẬT,2011,LUẬT CƠ YẾU,05/2011/QH13,non-economics,Văn bản còn hiệu lực,D:\Github\KLTN\application\inputs\full_law\Luật-05-2011-QH13.docx,.docx,,05/2011/QH13,OK,,METADATA_ROW,True
20,Luật-05-2017-QH14,LUẬT,2017,LUẬT QUẢN LÝ NGOẠI THƯƠNG,05/2017/QH14,economics,Văn bản còn hiệu lực,D:\Github\KLTN\application\inputs\full_law\Luật-05-2017-QH14.docx,.docx,,05/2017/QH14,OK,,METADATA_ROW,True
21,Luật-05-2022-QH15,LUẬT,2022,LUẬT ĐIỆN ẢNH,05/2022/QH15,non-economics,Văn bản còn hiệu lực,D:\Github\KLTN\application\inputs\full_law\Luật-05-2022-QH15.docx,.docx,,05/2022/QH15,OK,,METADATA_ROW,True
22,Luật-06-2003-QH11,LUẬT,2003,LUẬT BIÊN GIỚI QUỐC GIA,06/2003/QH11,non-economics,Văn bản bị sửa đổi,D:\Github\KLTN\application\inputs\full_law\Luật-06-2003-QH11.docx,.docx,,06/2003/QH11,OK,,METADATA_ROW,True
23,Luật-06-2007-QH12,LUẬT,2007,LUẬT HÓA CHẤT,06/2007/QH12,non-economics,Văn bản hết hiệu lực một phần,D:\Github\KLTN\application\inputs\full_law\Luật-06-2007-QH12.docx,.docx,,06/2007/QH12,OK,,METADATA_ROW,True
24,Luật-06-2012-QH13,LUẬT,2012,LUẬT BẢO HIỂM TIỀN GỬI,06/2012/QH13,economics,Văn bản hết hiệu lực một phần,D:\Github\KLTN\application\inputs\full_law\Luật-06-2012-QH13.docx,.docx,,06/2012/QH13,OK,,METADATA_ROW,True
25,Luật-06-2017-QH14,LUẬT,2017,LUẬT ĐƯỜNG SẮT,06/2017/QH14,non-economics,Văn bản hết hiệu lực một phần,D:\Github\KLTN\application\inputs\full_law\Luật-06-2017-QH14.docx,.docx,,06/2017/QH14,OK,,METADATA_ROW,True
26,Luật-06-2022-QH15,LUẬT,2022,"LUẬT THI ĐUA, KHEN THƯỞNG",06/2022/QH15,non-economics,Văn bản còn hiệu lực,D:\Github\KLTN\application\inputs\full_law\Luật-06-2022-QH15.docx,.docx,,06/2022/QH15,OK,,METADATA_ROW,True
27,Luật-07-2017-QH14,LUẬT,2017,LUẬT CHUYỂN GIAO CÔNG NGHỆ,07/2017/QH14,economics,Văn bản hết hiệu lực một phần,D:\Github\KLTN\application\inputs\full_law\Luật-07-2017-QH14.docx,.docx,,07/2017/QH14,OK,,METADATA_ROW,True
28,Luật-07-2022-QH15,LUẬT,2022,"LUẬT SỬA ĐỔI, BỔ SUNG MỘT SỐ ĐIỀU CỦA LUẬT SỞ HỮU TRÍ TUỆ",07/2022/QH15,economics,Văn bản hết hiệu lực một phần,D:\Github\KLTN\application\inputs\full_law\Luật-07-2022-QH15.docx,.docx,"SỬA ĐỔI, BỔ SUNG",07/2022/QH15,OK,,METADATA_ROW,True
29,Luật-08-2007-QH12,LUẬT,2007,LUẬT TƯƠNG TRỢ TƯ PHÁP,08/2007/QH12,non-economics,Văn bản hết hiệu lực một phần,D:\Github\KLTN\application\inputs\full_law\Luật-08-2007-QH12.docx,.docx,,08/2007/QH12,OK,,METADATA_ROW,True
30,Luật-08-2012-QH13,LUẬT,2012,LUẬT GIÁO DỤC ĐẠI HỌC,08/2012/QH13,non-economics,Văn bản hết hiệu lực một phần,D:\Github\KLTN\application\inputs\full_law\Luật-08-2012-QH13.docx,.docx,,08/2012/QH13,OK,,METADATA_ROW,True
31,Luật-08-2017-QH14,LUẬT,2017,LUẬT THỦY LỢI,08/2017/QH14,non-economics,Văn bản hết hiệu lực một phần,D:\Github\KLTN\application\inputs\full_law\Luật-08-2017-QH14.docx,.docx,,08/2017/QH14,OK,,METADATA_ROW,True
32,Luật-08-2022-QH15,LUẬT,2022,LUẬT KINH DOANH BẢO HIỂM,08/2022/QH15,economics,Văn bản còn hiệu lực,D:\Github\KLTN\application\inputs\full_law\Luật-08-2022-QH15.docx,.docx,,08/2022/QH15,OK,,METADATA_ROW,True
33,Luật-09-2012-QH13,LUẬT,2012,"Luật Phòng, Chống Tác Hại Của Thuốc Lá",09/2012/QH13,non-economics,Văn bản hết hiệu lực một phần,D:\Github\KLTN\application\inputs\full_law\Luật-09-2012-QH13.docx,.docx,,09/2012/QH13,OK,,METADATA_ROW,True
34,Luật-09-2017-QH14,LUẬT,2017,Luật Du Lịch,09/2017/QH14,non-economics,Văn bản còn hiệu lực,D:\Github\KLTN\application\inputs\full_law\Luật-09-2017-QH14.docx,.docx,,09/2017/QH14,OK,,METADATA_ROW,True
35,Luật-09-2022-QH15,LUẬT,2022,"LUẬT SỬA ĐỔI, BỔ SUNG MỘT SỐ ĐIỀU CỦA LUẬT TẦN SỐ VÔ TUYẾN ĐIỆN",09/2022/QH15,economics,Văn bản bị sửa đổi,D:\Github\KLTN\application\inputs\full_law\Luật-09-2022-QH15.docx,.docx,"SỬA ĐỔI, BỔ SUNG",09/2022/QH15,OK,,METADATA_ROW,True
36,Luật-10-2017-QH14,LUẬT,2017,Luật Trách Nhiệm Bồi Thường Của Nhà Nước,10/2017/QH14,non-economics,Văn bản bị sửa đổi,D:\Github\KLTN\application\inputs\full_law\Luật-10-2017-QH14.docx,.docx,,10/2017/QH14,OK,,METADATA_ROW,True
37,Luật-10-2022-QH15,LUẬT,2022,Luật Thực Hiện Dân Chủ Ở Cơ Sở,10/2022/QH15,non-economics,Văn bản hết hiệu lực một phần,D:\Github\KLTN\application\inputs\full_law\Luật-10-2022-QH15.docx,.docx,,10/2022/QH15,OK,,METADATA_ROW,True
38,Luật-100-SL-L.002,SẮC LỆNH,1957,Luật Về Chế Độ Báo Chí,100-SL/L.002,non-economics,Văn bản còn hiệu lực,D:\Github\KLTN\application\inputs\full_law\Luật-100-SL-L.002.docx,.docx,,100-SL/L.002,OK,,METADATA_ROW,True
39,Luật-102-2016-QH13,LUẬT,2016,Luật Trẻ Em,102/2016/QH13,non-economics,Văn bản hết hiệu lực một phần,D:\Github\KLTN\application\inputs\full_law\Luật-102-2016-QH13.docx,.docx,,102/2016/QH13,OK,,METADATA_ROW,True
40,Luật-102-SL-L.004,SẮC LỆNH,1957,LUẬT QUY ĐỊNH QUYỀN LẬP HỘI,102-SL/L.004,non-economics,Văn bản còn hiệu lực,D:\Github\KLTN\application\inputs\full_law\Luật-102-SL-L.004.docx,.docx,,102-SL/L.004,OK,,METADATA_ROW,True
41,Luật-103-2016-QH13,LUẬT,2016,Luật Báo Chí,103/2016/QH13,non-economics,Văn bản hết hiệu lực một phần,D:\Github\KLTN\application\inputs\full_law\Luật-103-2016-QH13.docx,.docx,,103/2016/QH13,OK,,METADATA_ROW,True
42,Luật-104-2016-QH13,LUẬT,2016,Luật Tiếp Cận Thông Tin,104/2016/QH13,non-economics,Văn bản còn hiệu lực,D:\Github\KLTN\application\inputs\full_law\Luật-104-2016-QH13.docx,.docx,,104/2016/QH13,OK,,METADATA_ROW,True
43,Luật-105-2016-QH13,LUẬT,2016,Luật Dược,105/2016/QH13,non-economics,Văn bản hết hiệu lực một phần,D:\Github\KLTN\application\inputs\full_law\Luật-105-2016-QH13.docx,.docx,,105/2016/QH13,OK,,METADATA_ROW,True
44,Luật-106-2016-QH13,LUẬT,2016,"Luật Sửa Đổi, Bổ Sung Một Số Điều Của Luật Thuế Giá Trị Gia Tăng, Luật Thuế Tiêu Thụ Đặc Biệt Và Luật Quản Lý Thuế",106/2016/QH13,economics,Văn bản hết hiệu lực một phần,D:\Github\KLTN\application\inputs\full_law\Luật-106-2016-QH13.docx,.docx,"SỬA ĐỔI, BỔ SUNG",106/2016/QH13,OK,,METADATA_ROW,True
45,Luật-107-2016-QH13,LUẬT,2016,"Luật Thuế Xuất Khẩu, Thuế Nhập Khẩu",107/2016/QH13,economics,Văn bản hết hiệu lực một phần,D:\Github\KLTN\application\inputs\full_law\Luật-107-2016-QH13.docx,.docx,,107/2016/QH13,OK,,METADATA_ROW,True
46,Luật-108-2016-QH13,LUẬT,2016,Luật Điều Ước Quốc Tế,108/2016/QH13,non-economics,Văn bản còn hiệu lực,D:\Github\KLTN\application\inputs\full_law\Luật-108-2016-QH13.docx,.docx,,108/2016/QH13,OK,,METADATA_ROW,True
47,Luật-11-2008-QH12,LUẬT,2008,Luật Hoạt Động Chữ Thập Đỏ,11/2008/QH12,non-economics,Văn bản còn hiệu lực,D:\Github\KLTN\application\inputs\full_law\Luật-11-2008-QH12.docx,.docx,,11/2008/QH12,OK,,METADATA_ROW,True
48,Luật-11-2017-QH14,LUẬT,2017,Luật Trợ Giúp Pháp Lý,11/2017/QH14,non-economics,Văn bản hết hiệu lực một phần,D:\Github\KLTN\application\inputs\full_law\Luật-11-2017-QH14.docx,.docx,,11/2017/QH14,OK,,METADATA_ROW,True
49,Luật-12-2017-QH14,LUẬT,2017,"Luật Sửa Đổi, Bổ Sung Một Số Điều Của Bộ Luật Hình Sự Số 100/2015/QH13",12/2017/QH14,non-economics,Văn bản bị sửa đổi,D:\Github\KLTN\application\inputs\full_law\Luật-12-2017-QH14.docx,.docx,"SỬA ĐỔI, BỔ SUNG",12/2017/QH14,OK,,METADATA_ROW,True
50,Luật-12-2022-QH15,LUẬT,2022,Luật Dầu Khí,12/2022/QH15,non-economics,Văn bản còn hiệu lực,D:\Github\KLTN\application\inputs\full_law\Luật-12-2022-QH15.docx,.docx,,12/2022/QH15,OK,,METADATA_ROW,True
51,Luật-13-2012-QH13,LUẬT,2012,Luật Giám Định Tư Pháp,13/2012/QH13,non-economics,Văn bản hết hiệu lực một phần,D:\Github\KLTN\application\inputs\full_law\Luật-13-2012-QH13.docx,.docx,,13/2012/QH13,OK,,METADATA_ROW,True
52,Luật-13-2017-QH14,LUẬT,2017,Luật Cảnh Vệ,13/2017/QH14,non-economics,Văn bản bị sửa đổi,D:\Github\KLTN\application\inputs\full_law\Luật-13-2017-QH14.docx,.docx,,13/2017/QH14,OK,,METADATA_ROW,True
53,Luật-13-2022-QH15,LUẬT,2022,"Luật Phòng, Chống Bạo Lực Gia Đình",13/2022/QH15,non-economics,Văn bản còn hiệu lực,D:\Github\KLTN\application\inputs\full_law\Luật-13-2022-QH15.docx,.docx,,13/2022/QH15,OK,,METADATA_ROW,True
54,Luật-14-2008-QH12,LUẬT,2008,Luật Thuế Thu Nhập Doanh Nghiệp,14/2008/QH12,economics,Văn bản hết hiệu lực một phần,D:\Github\KLTN\application\inputs\full_law\Luật-14-2008-QH12.docx,.docx,,14/2008/QH12,OK,,METADATA_ROW,True
55,Luật-14-2012-QH13,LUẬT,2012,"Luật Phổ Biến, Giáo Dục Pháp Luật",14/2012/QH13,non-economics,Văn bản còn hiệu lực,D:\Github\KLTN\application\inputs\full_law\Luật-14-2012-QH13.docx,.docx,,14/2012/QH13,OK,,METADATA_ROW,True
56,Luật-14-2022-QH15,LUẬT,2022,"Luật Phòng, Chống Rửa Tiền",14/2022/QH15,economics,Văn bản còn hiệu lực,D:\Github\KLTN\application\inputs\full_law\Luật-14-2022-QH15.docx,.docx,,14/2022/QH15,OK,,METADATA_ROW,True
57,Luật-15-2008-QH12,LUẬT,2008,"Luật Trưng Mua, Trưng Dụng Tài Sản",15/2008/QH12,non-economics,Văn bản hết hiệu lực một phần,D:\Github\KLTN\application\inputs\full_law\Luật-15-2008-QH12.docx,.docx,,15/2008/QH12,OK,,METADATA_ROW,True
58,Luật-15-2012-QH13,LUẬT,2012,Luật Xử Lý Vi Phạm Hành Chính,15/2012/QH13,non-economics,Văn bản hết hiệu lực một phần,D:\Github\KLTN\application\inputs\full_law\Luật-15-2012-QH13.docx,.docx,,15/2012/QH13,OK,,METADATA_ROW,True
59,Luật-15-2017-QH14,LUẬT,2017,"Luật Quản Lý, Sử Dụng Tài Sản Công",15/2017/QH14,economics,Văn bản hết hiệu lực một phần,D:\Github\KLTN\application\inputs\full_law\Luật-15-2017-QH14.docx,.docx,,15/2017/QH14,OK,,METADATA_ROW,True
60,Luật-15-2023-QH15,LUẬT,2023,"Luật Khám Bệnh, Chữa Bệnh",15/2023/QH15,non-economics,Văn bản còn hiệu lực,D:\Github\KLTN\application\inputs\full_law\Luật-15-2023-QH15.docx,.docx,,15/2023/QH15,OK,,METADATA_ROW,True
61,Luật-16-1999-QH10,LUẬT,1999,Luật Của Quốc Hội Nước Cộng Hoà Xã Hội Chủ Nghĩa Việt Nam Số 16/1999/QH10 Về Sĩ Quan Quân Đội Nhân Dân Việt Nam,16/1999/QH10,non-economics,Văn bản hết hiệu lực một phần,D:\Github\KLTN\application\inputs\full_law\Luật-16-1999-QH10.docx,.docx,,16/1999/QH10,OK,,METADATA_ROW,True
62,Luật-16-2012-QH13,LUẬT,2012,Luật Quảng Cáo,16/2012/QH13,economics,Văn bản bị sửa đổi,D:\Github\KLTN\application\inputs\full_law\Luật-16-2012-QH13.docx,.docx,,16/2012/QH13,OK,,METADATA_ROW,True
63,Luật-16-2017-QH14,LUẬT,2017,Luật Lâm Nghiệp,16/2017/QH14,non-economics,Văn bản bị sửa đổi,D:\Github\KLTN\application\inputs\full_law\Luật-16-2017-QH14.docx,.docx,,16/2017/QH14,OK,,METADATA_ROW,True
64,Luật-16-2023-QH15,LUẬT,2023,Luật Giá,16/2023/QH15,economics,Văn bản hết hiệu lực một phần,D:\Github\KLTN\application\inputs\full_law\Luật-16-2023-QH15.docx,.docx,,16/2023/QH15,OK,,METADATA_ROW,True
65,Luật-17-2023-QH15,LUẬT,2023,Luật Hợp Tác Xã,17/2023/QH15,economics,Văn bản còn hiệu lực,D:\Github\KLTN\application\inputs\full_law\Luật-17-2023-QH15.docx,.docx,,17/2023/QH15,OK,,METADATA_ROW,True
66,Luật-18-2008-QH12,LUẬT,2008,Luật Năng Lượng Nguyên Tử,18/2008/QH12,non-economics,Văn bản hết hiệu lực một phần,D:\Github\KLTN\application\inputs\full_law\Luật-18-2008-QH12.docx,.docx,,18/2008/QH12,OK,,METADATA_ROW,True
67,Luật-18-2012-QH13,LUẬT,2012,Luật Biển Việt Nam,18/2012/QH13,non-economics,Văn bản bị sửa đổi,D:\Github\KLTN\application\inputs\full_law\Luật-18-2012-QH13.docx,.docx,,18/2012/QH13,OK,,METADATA_ROW,True
68,Luật-18-2017-QH14,LUẬT,2017,Luật Thủy Sản,18/2017/QH14,non-economics,Văn bản bị sửa đổi,D:\Github\KLTN\application\inputs\full_law\Luật-18-2017-QH14.docx,.docx,,18/2017/QH14,OK,,METADATA_ROW,True
69,Luật-18-2023-QH15,LUẬT,2023,Luật Phòng Thủ Dân Sự,18/2023/QH15,non-economics,Văn bản hết hiệu lực một phần,D:\Github\KLTN\application\inputs\full_law\Luật-18-2023-QH15.docx,.docx,,18/2023/QH15,OK,,METADATA_ROW,True
70,Luật-19-2008-QH12,LUẬT,2008,"Luật Sửa Đổi, Bổ Sung Một Số Điều Của Luật Sĩ Quan Quân Đội Nhân Dân Việt Nam",19/2008/QH12,non-economics,Văn bản bị sửa đổi,D:\Github\KLTN\application\inputs\full_law\Luật-19-2008-QH12.docx,.docx,"SỬA ĐỔI, BỔ SUNG",19/2008/QH12,OK,,METADATA_ROW,True
71,Luật-19-2012-QH13,LUẬT,2012,Luật Xuất Bản,19/2012/QH13,non-economics,Văn bản bị sửa đổi,D:\Github\KLTN\application\inputs\full_law\Luật-19-2012-QH13.docx,.docx,,19/2012/QH13,OK,,METADATA_ROW,True
72,Luật-19-2017-QH14,LUẬT,2017,"Luật Sửa Đổi, Bổ Sung Một Số Điều Của Luật Cơ Quan Đại Diện Nước Cộng Hòa Xã Hội Chủ Nghĩa Việt Nam Ở Nước Ngoài",19/2017/QH14,non-economics,Văn bản còn hiệu lực,D:\Github\KLTN\application\inputs\full_law\Luật-19-2017-QH14.docx,.docx,"SỬA ĐỔI, BỔ SUNG",19/2017/QH14,OK,,METADATA_ROW,True
73,Luật-19-2023-QH15,LUẬT,2023,Luật Bảo Vệ Quyền Lợi Người Tiêu Dùng,19/2023/QH15,economics,Văn bản còn hiệu lực,D:\Github\KLTN\application\inputs\full_law\Luật-19-2023-QH15.docx,.docx,,19/2023/QH15,OK,,METADATA_ROW,True
74,Luật-20-2008-QH12,LUẬT,2008,Luật Đa Dạng Sinh Học,20/2008/QH12,non-economics,Văn bản hết hiệu lực một phần,D:\Github\KLTN\application\inputs\full_law\Luật-20-2008-QH12.docx,.docx,,20/2008/QH12,OK,,METADATA_ROW,True
75,Luật-20-2012-QH13,LUẬT,2012,"Luật Sửa Đổi, Bổ Sung Một Số Điều Của Luật Luật Sư",20/2012/QH13,non-economics,Văn bản hết hiệu lực một phần,D:\Github\KLTN\application\inputs\full_law\Luật-20-2012-QH13.docx,.docx,"SỬA ĐỔI, BỔ SUNG",20/2012/QH13,OK,,METADATA_ROW,True
76,Luật-20-2017-QH14,LUẬT,2017,Luật Quản Lý Nợ Công,20/2017/QH14,non-economics,Văn bản hết hiệu lực một phần,D:\Github\KLTN\application\inputs\full_law\Luật-20-2017-QH14.docx,.docx,,20/2017/QH14,OK,,METADATA_ROW,True
77,Luật-20-2023-QH15,LUẬT,2023,Luật Giao Dịch Điện Tử,20/2023/QH15,economics,Văn bản hết hiệu lực một phần,D:\Github\KLTN\application\inputs\full_law\Luật-20-2023-QH15.docx,.docx,,20/2023/QH15,OK,,METADATA_ROW,True
78,Luật-21-2008-QH12,LUẬT,2008,Luật Công Nghệ Cao,21/2008/QH12,non-economics,Văn bản hết hiệu lực một phần,D:\Github\KLTN\application\inputs\full_law\Luật-21-2008-QH12.docx,.docx,,21/2008/QH12,OK,,METADATA_ROW,True
79,Luật-21-2017-QH14,LUẬT,2017,Luật Quy Hoạch,21/2017/QH14,non-economics,Văn bản hết hiệu lực một phần,D:\Github\KLTN\application\inputs\full_law\Luật-21-2017-QH14.docx,.docx,,21/2017/QH14,OK,,METADATA_ROW,True
80,Luật-21-2023-QH15,LUẬT,2023,"Luật Sửa Đổi, Bổ Sung Một Số Điều Của Luật Công An Nhân Dân",21/2023/QH15,non-economics,Văn bản bị sửa đổi,D:\Github\KLTN\application\inputs\full_law\Luật-21-2023-QH15.docx,.docx,"SỬA ĐỔI, BỔ SUNG",21/2023/QH15,OK,,METADATA_ROW,True
81,Luật-21-LCT-HĐNN8,LUẬT,1989,Luật CỦA QUỐC HỘI SỐ 21-LCT/HĐNN8 NGÀY 30/06/1989 VỀ BẢO VỆ SỨC KHOẺ NHÂN DÂN,21-LCT/HĐNN8,non-economics,Văn bản còn hiệu lực,D:\Github\KLTN\application\inputs\full_law\Luật-21-LCT-HĐNN8.docx,.docx,,21-LCT/HĐNN8,OK,,METADATA_ROW,True
82,Luật-22-2012-QH13,LUẬT,2012,Luật Dự Trữ Quốc Gia,22/2012/QH13,non-economics,Văn bản hết hiệu lực một phần,D:\Github\KLTN\application\inputs\full_law\Luật-22-2012-QH13.docx,.docx,,22/2012/QH13,OK,,METADATA_ROW,True
83,Luật-22-2018-QH14,LUẬT,2018,Luật Quốc Phòng,22/2018/QH14,non-economics,Văn bản hết hiệu lực một phần,D:\Github\KLTN\application\inputs\full_law\Luật-22-2018-QH14.docx,.docx,,22/2018/QH14,OK,,METADATA_ROW,True
84,Luật-22-2023-QH15,LUẬT,2023,Luật Đấu Thầu,22/2023/QH15,economics,Văn bản hết hiệu lực một phần,D:\Github\KLTN\application\inputs\full_law\Luật-22-2023-QH15.docx,.docx,,22/2023/QH15,OK,,METADATA_ROW,True
85,Luật-23-2004-QH11,LUẬT,2004,Luật Của Quốc Hội Nước Cộng Hoà Xã Hội Chủ Nghĩa Việt Nam Số 23/2004/QH11 Ngày 15 Tháng 6 Năm 2004 Về Giao Thông Đường Thuỷ Nội Địa,23/2004/QH11,non-economics,Văn bản hết hiệu lực một phần,D:\Github\KLTN\application\inputs\full_law\Luật-23-2004-QH11.docx,.docx,,23/2004/QH11,OK,,METADATA_ROW,True
86,Luật-23-2018-QH14,LUẬT,2018,Luật Cạnh Tranh,23/2018/QH14,economics,Văn bản hết hiệu lực một phần,D:\Github\KLTN\application\inputs\full_law\Luật-23-2018-QH14.docx,.docx,,23/2018/QH14,OK,,METADATA_ROW,True
87,Luật-23-2023-QH15,LUẬT,2023,"Luật Sửa Đổi, Bổ Sung Một Số Điều Của Luật Xuất Cảnh, Nhập Cảnh Của Công Dân Việt Nam Và Luật Nhập Cảnh, Xuất Cảnh, Quá Cảnh, Cư Trú Của Người Nước Ngoài Tại Việt Nam",23/2023/QH15,non-economics,Văn bản còn hiệu lực,D:\Github\KLTN\application\inputs\full_law\Luật-23-2023-QH15.docx,.docx,"SỬA ĐỔI, BỔ SUNG",23/2023/QH15,OK,,METADATA_ROW,True
88,Luật-23-L-CTN,LUẬT,1993,Luật Thuế Sử Dụng Đất Nông Nghiệp Số 23-L/CTN Ngày 10/07/1993 Của Quốc Hội,23-L/CTN,non-economics,Văn bản còn hiệu lực,D:\Github\KLTN\application\inputs\full_law\Luật-23-L-CTN.docx,.docx,,23-L/CTN,OK,,METADATA_ROW,True
89,Luật-24-2008-QH12,LUẬT,2008,Luật Quốc Tịch Việt Nam,24/2008/QH12,non-economics,Văn bản hết hiệu lực một phần,D:\Github\KLTN\application\inputs\full_law\Luật-24-2008-QH12.docx,.docx,,24/2008/QH12,OK,,METADATA_ROW,True
90,Luật-24-2018-QH14,LUẬT,2018,Luật An Ninh Mạng,24/2018/QH14,economics,Văn bản còn hiệu lực,D:\Github\KLTN\application\inputs\full_law\Luật-24-2018-QH14.docx,.docx,,24/2018/QH14,OK,,METADATA_ROW,True
91,Luật-24-2023-QH15,LUẬT,2023,Luật Viễn Thông,24/2023/QH15,economics,Văn bản bị sửa đổi,D:\Github\KLTN\application\inputs\full_law\Luật-24-2023-QH15.docx,.docx,,24/2023/QH15,OK,,METADATA_ROW,True
92,Luật-25-2008-QH12,LUẬT,2008,Luật Bảo Hiểm Y Tế,25/2008/QH12,economics,Văn bản hết hiệu lực một phần,D:\Github\KLTN\application\inputs\full_law\Luật-25-2008-QH12.docx,.docx,,25/2008/QH12,OK,,METADATA_ROW,True
93,Luật-25-2018-QH14,LUẬT,2018,Luật Tố Cáo,25/2018/QH14,non-economics,Văn bản hết hiệu lực một phần,D:\Github\KLTN\application\inputs\full_law\Luật-25-2018-QH14.docx,.docx,,25/2018/QH14,OK,,METADATA_ROW,True
94,Luật-25-2023-QH15,LUẬT,2023,"Luật Quản Lý, Bảo Vệ Công Trình Quốc Phòng Và Khu Quân Sự",25/2023/QH15,non-economics,Văn bản bị sửa đổi,D:\Github\KLTN\application\inputs\full_law\Luật-25-2023-QH15.docx,.docx,,25/2023/QH15,OK,,METADATA_ROW,True
95,Luật-26-2008-QH12,LUẬT,2008,Luật Thi Hành Án Dân Sự,26/2008/QH12,non-economics,Văn bản hết hiệu lực một phần,D:\Github\KLTN\application\inputs\full_law\Luật-26-2008-QH12.docx,.docx,,26/2008/QH12,OK,,METADATA_ROW,True
96,Luật-26-2012-QH13,LUẬT,2012,"Luật Sửa Đổi, Bổ Sung Một Số Điều Của Luật Thuế Thu Nhập Cá Nhân",26/2012/QH13,economics,Văn bản hết hiệu lực một phần,D:\Github\KLTN\application\inputs\full_law\Luật-26-2012-QH13.docx,.docx,"SỬA ĐỔI, BỔ SUNG",26/2012/QH13,OK,,METADATA_ROW,True
97,Luật-26-2018-QH14,LUẬT,2018,"Luật Sửa Đổi, Bổ Sung Một Số Điều Của Luật Thể Dục, Thể Thao",26/2018/QH14,non-economics,Văn bản còn hiệu lực,D:\Github\KLTN\application\inputs\full_law\Luật-26-2018-QH14.docx,.docx,"SỬA ĐỔI, BỔ SUNG",26/2018/QH14,OK,,METADATA_ROW,True
98,Luật-26-2023-QH15,LUẬT,2023,Luật Căn Cước,26/2023/QH15,non-economics,Văn bản còn hiệu lực,D:\Github\KLTN\application\inputs\full_law\Luật-26-2023-QH15.docx,.docx,,26/2023/QH15,OK,,METADATA_ROW,True
99,Luật-27-2008-QH12,LUẬT,2008,Luật Thuế Tiêu Thụ Đặc Biệt,27/2008/QH12,economics,Văn bản hết hiệu lực một phần,D:\Github\KLTN\application\inputs\full_law\Luật-27-2008-QH12.docx,.docx,,27/2008/QH12,OK,,METADATA_ROW,True
100,Luật-27-2018-QH14,LUẬT,2018,Luật Đo Đạc Và Bản Đồ,27/2018/QH14,non-economics,Văn bản hết hiệu lực một phần,D:\Github\KLTN\application\inputs\full_law\Luật-27-2018-QH14.docx,.docx,,27/2018/QH14,OK,,METADATA_ROW,True
101,Luật-27-2023-QH15,LUẬT,2023,Luật Nhà Ở,27/2023/QH15,non-economics,Văn bản hết hiệu lực một phần,D:\Github\KLTN\application\inputs\full_law\Luật-27-2023-QH15.docx,.docx,,27/2023/QH15,OK,,METADATA_ROW,True
102,Luật-28-2009-QH12,LUẬT,2009,Luật Lý Lịch Tư Pháp,28/2009/QH12,non-economics,Văn bản hết hiệu lực một phần,D:\Github\KLTN\application\inputs\full_law\Luật-28-2009-QH12.docx,.docx,,28/2009/QH12,OK,,METADATA_ROW,True
103,Luật-28-2013-QH13,LUẬT,2013,"Luật Phòng, Chống Khủng Bố",28/2013/QH13,non-economics,Văn bản bị sửa đổi,D:\Github\KLTN\application\inputs\full_law\Luật-28-2013-QH13.docx,.docx,,28/2013/QH13,OK,,METADATA_ROW,True
104,Luật-28-2023-QH15,LUẬT,2023,Luật Tài Nguyên Nước,28/2023/QH15,non-economics,Văn bản hết hiệu lực một phần,D:\Github\KLTN\application\inputs\full_law\Luật-28-2023-QH15.docx,.docx,,28/2023/QH15,OK,,METADATA_ROW,True
105,Luật-29-2013-QH13,LUẬT,2013,Luật Khoa Học Và Công Nghệ,29/2013/QH13,economics,Văn bản hết hiệu lực một phần,D:\Github\KLTN\application\inputs\full_law\Luật-29-2013-QH13.docx,.docx,,29/2013/QH13,OK,,METADATA_ROW,True
106,Luật-29-2018-QH14,LUẬT,2018,Luật Bảo Vệ Bí Mật Nhà Nước,29/2018/QH14,non-economics,Văn bản bị sửa đổi,D:\Github\KLTN\application\inputs\full_law\Luật-29-2018-QH14.docx,.docx,,29/2018/QH14,OK,,METADATA_ROW,True
107,Luật-29-2023-QH15,LUẬT,2023,Luật Kinh Doanh Bất Động Sản,29/2023/QH15,non-economics,Văn bản hết hiệu lực một phần,D:\Github\KLTN\application\inputs\full_law\Luật-29-2023-QH15.docx,.docx,,29/2023/QH15,OK,,METADATA_ROW,True
108,Luật-30-2013-QH13,LUẬT,2013,Luật Giáo Dục Quốc Phòng Và An Ninh,30/2013/QH13,non-economics,Văn bản hết hiệu lực một phần,D:\Github\KLTN\application\inputs\full_law\Luật-30-2013-QH13.docx,.docx,,30/2013/QH13,OK,,METADATA_ROW,True
109,Luật-30-2018-QH14,LUẬT,2018,Luật Đặc Xá,30/2018/QH14,non-economics,Văn bản bị sửa đổi,D:\Github\KLTN\application\inputs\full_law\Luật-30-2018-QH14.docx,.docx,,30/2018/QH14,OK,,METADATA_ROW,True
110,Luật-30-2023-QH15,LUẬT,2023,"Luật Lực Lượng Tham Gia Bảo Vệ An Ninh, Trật Tự Ở Cơ Sở",30/2023/QH15,non-economics,Văn bản hết hiệu lực một phần,D:\Github\KLTN\application\inputs\full_law\Luật-30-2023-QH15.docx,.docx,,30/2023/QH15,OK,,METADATA_ROW,True
111,Luật-31-2018-QH14,LUẬT,2018,Luật Trồng Trọt,31/2018/QH14,non-economics,Văn bản còn hiệu lực,D:\Github\KLTN\application\inputs\full_law\Luật-31-2018-QH14.docx,.docx,,31/2018/QH14,OK,,METADATA_ROW,True
112,Luật-31-2024-QH15,LUẬT,2024,Luật Đất Đai,31/2024/QH15,non-economics,Văn bản hết hiệu lực một phần,D:\Github\KLTN\application\inputs\full_law\Luật-31-2024-QH15.docx,.docx,,31/2024/QH15,OK,,METADATA_ROW,True
113,Luật-32-2004-QH11,LUẬT,2004,Luật CỦA QUỐC HỘI NƯỚC CỘNG HOÀ XÃ HỘI CHỦ NGHĨA VIỆT NAM SỐ 32/2004/QH11 NGÀY 03 THÁNG 12 NĂM 2004 VỀ AN NINH QUỐC GIA,32/2004/QH11,non-economics,Văn bản bị sửa đổi,D:\Github\KLTN\application\inputs\full_law\Luật-32-2004-QH11.docx,.docx,,32/2004/QH11,OK,,METADATA_ROW,True
114,Luật-32-2013-QH13,LUẬT,2013,"Luật Sửa Đổi, Bổ Sung Một Số Điều Của Luật Thuế Thu Nhập Doanh Nghiệp",32/2013/QH13,economics,Văn bản hết hiệu lực một phần,D:\Github\KLTN\application\inputs\full_law\Luật-32-2013-QH13.docx,.docx,"SỬA ĐỔI, BỔ SUNG",32/2013/QH13,OK,,METADATA_ROW,True
115,Luật-32-2018-QH14,LUẬT,2018,Luật Chăn Nuôi,32/2018/QH14,non-economics,Văn bản còn hiệu lực,D:\Github\KLTN\application\inputs\full_law\Luật-32-2018-QH14.docx,.docx,,32/2018/QH14,OK,,METADATA_ROW,True
116,Luật-32-2024-QH15,LUẬT,2024,Luật Các Tổ Chức Tín Dụng,32/2024/QH15,economics,Văn bản bị sửa đổi,D:\Github\KLTN\application\inputs\full_law\Luật-32-2024-QH15.docx,.docx,,32/2024/QH15,OK,,METADATA_ROW,True
117,Luật-33-2009-QH12,LUẬT,2009,Luật CƠ QUAN ĐẠI DIỆN NƯỚC CỘNG HÒA XÃ HỘI CHỦ NGHĨA VIỆT NAM Ở NƯỚC NGOÀI,33/2009/QH12,non-economics,Văn bản hết hiệu lực một phần,D:\Github\KLTN\application\inputs\full_law\Luật-33-2009-QH12.docx,.docx,,33/2009/QH12,OK,,METADATA_ROW,True
118,Luật-33-2013-QH13,LUẬT,2013,"Luật Phòng, Chống Thiên Tai",33/2013/QH13,non-economics,Văn bản hết hiệu lực một phần,D:\Github\KLTN\application\inputs\full_law\Luật-33-2013-QH13.docx,.docx,,33/2013/QH13,OK,,METADATA_ROW,True
119,Luật-33-2018-QH14,LUẬT,2018,Luật Cảnh Sát Biển Việt Nam,33/2018/QH14,non-economics,Văn bản còn hiệu lực,D:\Github\KLTN\application\inputs\full_law\Luật-33-2018-QH14.docx,.docx,,33/2018/QH14,OK,,METADATA_ROW,True
120,Luật-33-2024-QH15,LUẬT,2024,Luật Lưu Trữ,33/2024/QH15,non-economics,Văn bản còn hiệu lực,D:\Github\KLTN\application\inputs\full_law\Luật-33-2024-QH15.docx,.docx,,33/2024/QH15,OK,,METADATA_ROW,True
121,Luật-34-2018-QH14,LUẬT,2018,"Luật Sửa Đổi, Bổ Sung Một Số Điều Của Luật Giáo Dục Đại Học",34/2018/QH14,non-economics,Văn bản còn hiệu lực,D:\Github\KLTN\application\inputs\full_law\Luật-34-2018-QH14.docx,.docx,"SỬA ĐỔI, BỔ SUNG",34/2018/QH14,OK,,METADATA_ROW,True
122,Luật-34-2024-QH15,LUẬT,2024,Luật Tổ Chức Tòa Án Nhân Dân,34/2024/QH15,non-economics,Văn bản hết hiệu lực một phần,D:\Github\KLTN\application\inputs\full_law\Luật-34-2024-QH15.docx,.docx,,34/2024/QH15,OK,,METADATA_ROW,True
123,Luật-35-2013-QH13,LUẬT,2013,Luật Hòa Giải Ở Cơ Sở,35/2013/QH13,non-economics,Văn bản còn hiệu lực,D:\Github\KLTN\application\inputs\full_law\Luật-35-2013-QH13.docx,.docx,,35/2013/QH13,OK,,METADATA_ROW,True
124,Luật-35-2018-QH14,LUẬT,2018,"Luật Sửa Đổi, Bổ Sung Một Số Điều Của 37 Luật Có Liên Quan Đến Quy Hoạch",35/2018/QH14,non-economics,Văn bản hết hiệu lực một phần,D:\Github\KLTN\application\inputs\full_law\Luật-35-2018-QH14.docx,.docx,"SỬA ĐỔI, BỔ SUNG",35/2018/QH14,OK,,METADATA_ROW,True
125,Luật-35-2024-QH15,LUẬT,2024,Luật Đường Bộ,35/2024/QH15,non-economics,Văn bản hết hiệu lực một phần,D:\Github\KLTN\application\inputs\full_law\Luật-35-2024-QH15.docx,.docx,,35/2024/QH15,OK,,METADATA_ROW,True
126,Luật-36-2005-QH11,LUẬT,2005,Luật Thương Mại,36/2005/QH11,economics,Văn bản hết hiệu lực một phần,D:\Github\KLTN\application\inputs\full_law\Luật-36-2005-QH11.docx,.docx,,36/2005/QH11,OK,,METADATA_ROW,True
127,Luật-36-2009-QH12,LUẬT,2009,"Luật Sửa Đổi, Bổ Sung Một Số Điều Của Luật Sở Hữu Trí Tuệ",36/2009/QH12,non-economics,Văn bản bị sửa đổi,D:\Github\KLTN\application\inputs\full_law\Luật-36-2009-QH12.docx,.docx,"SỬA ĐỔI, BỔ SUNG",36/2009/QH12,OK,,METADATA_ROW,True
128,Luật-36-2018-QH14,LUẬT,2018,"Luật Phòng, Chống Tham Nhũng",36/2018/QH14,non-economics,Văn bản bị sửa đổi,D:\Github\KLTN\application\inputs\full_law\Luật-36-2018-QH14.docx,.docx,,36/2018/QH14,OK,,METADATA_ROW,True
129,Luật-36-2024-QH15,LUẬT,2024,"Luật Trật Tự, An Toàn Giao Thông Đường Bộ",36/2024/QH15,non-economics,Văn bản còn hiệu lực,D:\Github\KLTN\application\inputs\full_law\Luật-36-2024-QH15.docx,.docx,,36/2024/QH15,OK,,METADATA_ROW,True
130,Luật-37-2018-QH14,LUẬT,2018,Luật Công An Nhân Dân,37/2018/QH14,non-economics,Văn bản hết hiệu lực một phần,D:\Github\KLTN\application\inputs\full_law\Luật-37-2018-QH14.docx,.docx,,37/2018/QH14,OK,,METADATA_ROW,True
131,Luật-37-2024-QH15,LUẬT,2024,"Luật Sửa Đổi, Bổ Sung Một Số Điều Của Luật Đấu Giá Tài Sản",37/2024/QH15,non-economics,Văn bản còn hiệu lực,D:\Github\KLTN\application\inputs\full_law\Luật-37-2024-QH15.docx,.docx,"SỬA ĐỔI, BỔ SUNG",37/2024/QH15,OK,,METADATA_ROW,True
132,Luật-38-2013-QH13,LUẬT,2013,Luật Việc Làm,38/2013/QH13,economics,Văn bản bị sửa đổi,D:\Github\KLTN\application\inputs\full_law\Luật-38-2013-QH13.docx,.docx,,38/2013/QH13,OK,,METADATA_ROW,True
133,Luật-38-2019-QH14,LUẬT,2019,Luật Quản Lý Thuế,38/2019/QH14,economics,Văn bản hết hiệu lực một phần,D:\Github\KLTN\application\inputs\full_law\Luật-38-2019-QH14.docx,.docx,,38/2019/QH14,OK,,METADATA_ROW,True
134,Luật-38-2024-QH15,LUẬT,2024,"Luật Công Nghiệp Quốc Phòng, An Ninh Và Động Viên Công Nghiệp",38/2024/QH15,non-economics,Văn bản hết hiệu lực một phần,D:\Github\KLTN\application\inputs\full_law\Luật-38-2024-QH15.docx,.docx,,38/2024/QH15,OK,,METADATA_ROW,True
135,Luật-39-2009-QH12,LUẬT,2009,Luật Người Cao Tuổi,39/2009/QH12,non-economics,Văn bản hết hiệu lực một phần,D:\Github\KLTN\application\inputs\full_law\Luật-39-2009-QH12.docx,.docx,,39/2009/QH12,OK,,METADATA_ROW,True
136,Luật-39-2024-QH15,LUẬT,2024,Luật Thủ Đô,39/2024/QH15,non-economics,Văn bản hết hiệu lực một phần,D:\Github\KLTN\application\inputs\full_law\Luật-39-2024-QH15.docx,.docx,,39/2024/QH15,OK,,METADATA_ROW,True
137,Luật-40-2019-QH14,LUẬT,2019,Luật Kiến Trúc,40/2019/QH14,non-economics,Văn bản hết hiệu lực một phần,D:\Github\KLTN\application\inputs\full_law\Luật-40-2019-QH14.docx,.docx,,40/2019/QH14,OK,,METADATA_ROW,True
138,Luật-40-2024-QH15,LUẬT,2024,"Luật Sửa Đổi, Bổ Sung Một Số Điều Của Luật Cảnh Vệ",40/2024/QH15,non-economics,Văn bản còn hiệu lực,D:\Github\KLTN\application\inputs\full_law\Luật-40-2024-QH15.docx,.docx,"SỬA ĐỔI, BỔ SUNG",40/2024/QH15,OK,,METADATA_ROW,True
139,Luật-41-2013-QH13,LUẬT,2013,Luật Bảo Vệ Và Kiểm Dịch Thực Vật,41/2013/QH13,non-economics,Văn bản bị sửa đổi,D:\Github\KLTN\application\inputs\full_law\Luật-41-2013-QH13.docx,.docx,,41/2013/QH13,OK,,METADATA_ROW,True
140,Luật-41-2019-QH14,LUẬT,2019,Luật Thi Hành Án Hình Sự,41/2019/QH14,non-economics,Văn bản hết hiệu lực một phần,D:\Github\KLTN\application\inputs\full_law\Luật-41-2019-QH14.docx,.docx,,41/2019/QH14,OK,,METADATA_ROW,True
141,Luật-41-2024-QH15,LUẬT,2024,Luật Bảo Hiểm Xã Hội,41/2024/QH15,economics,Văn bản hết hiệu lực một phần,D:\Github\KLTN\application\inputs\full_law\Luật-41-2024-QH15.docx,.docx,,41/2024/QH15,OK,,METADATA_ROW,True
142,Luật-42-2009-QH12,LUẬT,2009,Luật Tần Số Vô Tuyến Điện,42/2009/QH12,non-economics,Văn bản hết hiệu lực một phần,D:\Github\KLTN\application\inputs\full_law\Luật-42-2009-QH12.docx,.docx,,42/2009/QH12,OK,,METADATA_ROW,True
143,Luật-42-2013-QH13,LUẬT,2013,Luật Tiếp Công Dân,42/2013/QH13,non-economics,Văn bản còn hiệu lực,D:\Github\KLTN\application\inputs\full_law\Luật-42-2013-QH13.docx,.docx,,42/2013/QH13,OK,,METADATA_ROW,True
144,Luật-42-2019-QH14,LUẬT,2019,"Luật Sửa Đổi, Bổ Sung Một Số Điều Của Luật Kinh Doanh Bảo Hiểm, Luật Sở Hữu Trí Tuệ",42/2019/QH14,economics,Văn bản hết hiệu lực một phần,D:\Github\KLTN\application\inputs\full_law\Luật-42-2019-QH14.docx,.docx,"SỬA ĐỔI, BỔ SUNG",42/2019/QH14,OK,,METADATA_ROW,True
145,Luật-42-2024-QH15,LUẬT,2024,"Luật Quản Lý, Sử Dụng Vũ Khí, Vật Liệu Nổ và công cụ hỗ trợ ",42/2024/QH15,non-economics,Văn bản còn hiệu lực,D:\Github\KLTN\application\inputs\full_law\Luật-42-2024-QH15.docx,.docx,,42/2024/QH15,OK,,METADATA_ROW,True
146,Luật-43-2019-QH14,LUẬT,2019,Luật Giáo Dục,43/2019/QH14,non-economics,Văn bản còn hiệu lực,D:\Github\KLTN\application\inputs\full_law\Luật-43-2019-QH14.docx,.docx,,43/2019/QH14,OK,,METADATA_ROW,True
147,Luật-43-2024-QH15,LUẬT,2024,"LUẬT Sửa đổi, bổ sung một số điều của Luật Đất đai số 31/2024/QH15, Luật Nhà ở số 27/2023/QH15, Luật Kinh doanh bất động sản số 29/2023/QH15 và Luật Các tổ chức tín dụng số 32/2024/QH15",43/2024/QH15,non-economics,Văn bản còn hiệu lực,D:\Github\KLTN\application\inputs\full_law\Luật-43-2024-QH15.docx,.docx,"SỬA ĐỔI, BỔ SUNG",43/2024/QH15,OK,,METADATA_ROW,True
148,Luật-44-2013-QH13,LUẬT,2013,"Luật Thực Hành Tiết Kiệm, Chống Lãng Phí",44/2013/QH13,non-economics,Văn bản hết hiệu lực một phần,D:\Github\KLTN\application\inputs\full_law\Luật-44-2013-QH13.docx,.docx,,44/2013/QH13,OK,,METADATA_ROW,True
149,Luật-44-2019-QH14,LUẬT,2019,"Luật Phòng, Chống Tác Hại Của Rượu, Bia",44/2019/QH14,non-economics,Văn bản hết hiệu lực một phần,D:\Github\KLTN\application\inputs\full_law\Luật-44-2019-QH14.docx,.docx,,44/2019/QH14,OK,,METADATA_ROW,True
150,Luật-44-2024-QH15,LUẬT,2024,"Luật Sửa Đổi, Bổ Sung Một Số Điều Của Luật Dược",44/2024/QH15,non-economics,Văn bản còn hiệu lực,D:\Github\KLTN\application\inputs\full_law\Luật-44-2024-QH15.docx,.docx,"SỬA ĐỔI, BỔ SUNG",44/2024/QH15,OK,,METADATA_ROW,True
151,Luật-45-2009-QH12,LUẬT,2009,Luật Thuế Tài Nguyên,45/2009/QH12,non-economics,Văn bản bị sửa đổi,D:\Github\KLTN\application\inputs\full_law\Luật-45-2009-QH12.docx,.docx,,45/2009/QH12,OK,,METADATA_ROW,True
152,Luật-45-2024-QH15,LUẬT,2024,Luật Di Sản Văn Hóa,45/2024/QH15,non-economics,Văn bản hết hiệu lực một phần,D:\Github\KLTN\application\inputs\full_law\Luật-45-2024-QH15.docx,.docx,,45/2024/QH15,OK,,METADATA_ROW,True
153,Luật-46-2010-QH12,LUẬT,2010,Luật Ngân Hàng Nhà Nước Việt Nam,46/2010/QH12,economics,Văn bản bị sửa đổi,D:\Github\KLTN\application\inputs\full_law\Luật-46-2010-QH12.docx,.docx,,46/2010/QH12,OK,,METADATA_ROW,True
154,Luật-46-2014-QH13,LUẬT,2014,"Luật Sửa Đổi, Bổ Sung Một Số Điều Của Luật Bảo Hiểm Y Tế",46/2014/QH13,economics,Văn bản bị sửa đổi,D:\Github\KLTN\application\inputs\full_law\Luật-46-2014-QH13.docx,.docx,"SỬA ĐỔI, BỔ SUNG",46/2014/QH13,OK,,METADATA_ROW,True
155,Luật-46-2019-QH14,LUẬT,2019,Luật Thư Viện,46/2019/QH14,non-economics,Văn bản còn hiệu lực,D:\Github\KLTN\application\inputs\full_law\Luật-46-2019-QH14.docx,.docx,,46/2019/QH14,OK,,METADATA_ROW,True
156,Luật-46-2024-QH15,LUẬT,2024,Luật Công Chứng,46/2024/QH15,non-economics,Văn bản còn hiệu lực,D:\Github\KLTN\application\inputs\full_law\Luật-46-2024-QH15.docx,.docx,,46/2024/QH15,OK,,METADATA_ROW,True
157,Luật-47-2014-QH13,LUẬT,2014,"Luật Nhập Cảnh, Xuất Cảnh, Quá Cảnh, Cư Trú CỦA NGƯỜI NƯỚC NGOÀI TẠI VIỆT NAM",47/2014/QH13,non-economics,Văn bản hết hiệu lực một phần,D:\Github\KLTN\application\inputs\full_law\Luật-47-2014-QH13.docx,.docx,,47/2014/QH13,OK,,METADATA_ROW,True
158,Luật-47-2024-QH15,LUẬT,2024,Luật Quy Hoạch Đô Thị Và Nông Thôn,47/2024/QH15,non-economics,Văn bản hết hiệu lực một phần,D:\Github\KLTN\application\inputs\full_law\Luật-47-2024-QH15.docx,.docx,,47/2024/QH15,OK,,METADATA_ROW,True
159,Luật-48-2010-QH12,LUẬT,2010,Luật Thuế Sử Dụng Đất Phi Nông Nghiệp,48/2010/QH12,non-economics,Văn bản bị sửa đổi,D:\Github\KLTN\application\inputs\full_law\Luật-48-2010-QH12.docx,.docx,,48/2010/QH12,OK,,METADATA_ROW,True
160,Luật-48-2014-QH13,LUẬT,2014,"Luật Sửa Đổi, Bổ Sung Một Số Điều Của Luật Giao Thông Đường Thủy Nội Địa",48/2014/QH13,non-economics,Văn bản hết hiệu lực một phần,D:\Github\KLTN\application\inputs\full_law\Luật-48-2014-QH13.docx,.docx,"SỬA ĐỔI, BỔ SUNG",48/2014/QH13,OK,,METADATA_ROW,True
161,Luật-48-2019-QH14,LUẬT,2019,Luật Dân Quân Tự Vệ,48/2019/QH14,non-economics,Văn bản hết hiệu lực một phần,D:\Github\KLTN\application\inputs\full_law\Luật-48-2019-QH14.docx,.docx,,48/2019/QH14,OK,,METADATA_ROW,True
162,Luật-48-2024-QH15,LUẬT,2024,Luật Thuế Giá Trị Gia Tăng,48/2024/QH15,economics,Văn bản bị sửa đổi,D:\Github\KLTN\application\inputs\full_law\Luật-48-2024-QH15.docx,.docx,,48/2024/QH15,OK,,METADATA_ROW,True
163,Luật-49-2005-QH11,LUẬT,2005,Luật Các Công Cụ Chuyển Nhượng,49/2005/QH11,non-economics,Văn bản còn hiệu lực,D:\Github\KLTN\application\inputs\full_law\Luật-49-2005-QH11.docx,.docx,,49/2005/QH11,OK,,METADATA_ROW,True
164,Luật-49-2010-QH12,LUẬT,2010,Luật Bưu Chính,49/2010/QH12,non-economics,Văn bản còn hiệu lực,D:\Github\KLTN\application\inputs\full_law\Luật-49-2010-QH12.docx,.docx,,49/2010/QH12,OK,,METADATA_ROW,True
165,Luật-49-2019-QH14,LUẬT,2019,"Luật Xuất Cảnh, Nhập Cảnh Của Công Dân Việt Nam",49/2019/QH14,non-economics,Văn bản bị sửa đổi,D:\Github\KLTN\application\inputs\full_law\Luật-49-2019-QH14.docx,.docx,,49/2019/QH14,OK,,METADATA_ROW,True
166,Luật-49-2024-QH15,LUẬT,2024,Luật Phòng Không Nhân Dân,49/2024/QH15,non-economics,Văn bản bị sửa đổi,D:\Github\KLTN\application\inputs\full_law\Luật-49-2024-QH15.docx,.docx,,49/2024/QH15,OK,,METADATA_ROW,True
167,Luật-50-2005-QH11,LUẬT,2005,Luật Sở Hữu Trí Tuệ,50/2005/QH11,non-economics,Văn bản hết hiệu lực một phần,D:\Github\KLTN\application\inputs\full_law\Luật-50-2005-QH11.docx,.docx,,50/2005/QH11,OK,,METADATA_ROW,True
168,Luật-50-2010-QH12,LUẬT,2010,Luật Sử Dụng Năng Lượng Tiết Kiệm Và Hiệu Quả,50/2010/QH12,economics,Văn bản hết hiệu lực một phần,D:\Github\KLTN\application\inputs\full_law\Luật-50-2010-QH12.docx,.docx,,50/2010/QH12,OK,,METADATA_ROW,True
169,Luật-50-2014-QH13,LUẬT,2014,Luật Xây Dựng,50/2014/QH13,non-economics,Văn bản hết hiệu lực một phần,D:\Github\KLTN\application\inputs\full_law\Luật-50-2014-QH13.docx,.docx,,50/2014/QH13,OK,,METADATA_ROW,True
170,Luật-50-2024-QH15,LUẬT,2024,Luật Công Đoàn,50/2024/QH15,non-economics,Văn bản hết hiệu lực một phần,D:\Github\KLTN\application\inputs\full_law\Luật-50-2024-QH15.docx,.docx,,50/2024/QH15,OK,,METADATA_ROW,True
171,Luật-51-2010-QH12,LUẬT,2010,Luật Người Khuyết Tật,51/2010/QH12,non-economics,Văn bản hết hiệu lực một phần,D:\Github\KLTN\application\inputs\full_law\Luật-51-2010-QH12.docx,.docx,,51/2010/QH12,OK,,METADATA_ROW,True
172,Luật-51-2014-QH13,LUẬT,2014,Luật Phá Sản,51/2014/QH13,economics,Văn bản bị sửa đổi,D:\Github\KLTN\application\inputs\full_law\Luật-51-2014-QH13.docx,.docx,,51/2014/QH13,OK,,METADATA_ROW,True
173,Luật-51-2019-QH14,LUẬT,2019,"Luật SỬA ĐỔI, BỔ SUNG MỘT SỐ ĐIỀU CỦA LUẬT NHẬP CẢNH, XUẤT CẢNH, QUÁ CẢNH, CƯ TRÚ CỦA NGƯỜI NƯỚC NGOÀI TẠI VIỆT NAM",51/2019/QH14,non-economics,Văn bản bị sửa đổi,D:\Github\KLTN\application\inputs\full_law\Luật-51-2019-QH14.docx,.docx,"SỬA ĐỔI, BỔ SUNG",51/2019/QH14,OK,,METADATA_ROW,True
174,Luật-51-2024-QH15,LUẬT,2024,"Luật Sửa Đổi, Bổ Sung Một Số Điều Của Luật Bảo Hiểm Y Tế",51/2024/QH15,non-economics,Văn bản còn hiệu lực,D:\Github\KLTN\application\inputs\full_law\Luật-51-2024-QH15.docx,.docx,"SỬA ĐỔI, BỔ SUNG",51/2024/QH15,OK,,METADATA_ROW,True
175,Luật-52-2010-QH12,LUẬT,2010,Luật Nuôi Con Nuôi,52/2010/QH12,non-economics,Văn bản còn hiệu lực,D:\Github\KLTN\application\inputs\full_law\Luật-52-2010-QH12.docx,.docx,,52/2010/QH12,OK,,METADATA_ROW,True
176,Luật-52-2014-QH13,LUẬT,2014,Luật Hôn Nhân Và Gia Đình,52/2014/QH13,non-economics,Văn bản bị sửa đổi,D:\Github\KLTN\application\inputs\full_law\Luật-52-2014-QH13.docx,.docx,,52/2014/QH13,OK,,METADATA_ROW,True
177,Luật-52-2019-QH14,LUẬT,2019,"Luật Sửa Đổi, Bổ Sung Một Số Điều CỦA LUẬT CÁN BỘ, CÔNG CHỨC VÀ LUẬT VIÊN CHỨC",52/2019/QH14,non-economics,Văn bản hết hiệu lực một phần,D:\Github\KLTN\application\inputs\full_law\Luật-52-2019-QH14.docx,.docx,"SỬA ĐỔI, BỔ SUNG",52/2019/QH14,OK,,METADATA_ROW,True
178,Luật-52-2024-QH15,LUẬT,2024,"LUẬT SỬA ĐỔI, BỔ SUNG MỘT SỐ ĐIỀU CỦA LUẬT SĨ QUAN QUÂN ĐỘI NHÂN DÂN VIỆT NAM ",52/2024/QH15,non-economics,Văn bản bị sửa đổi,D:\Github\KLTN\application\inputs\full_law\Luật-52-2024-QH15.docx,.docx,"SỬA ĐỔI, BỔ SUNG",52/2024/QH15,OK,,METADATA_ROW,True
179,Luật-53-2019-QH14,LUẬT,2019,Luật Lực Lượng Dự Bị Động Viên,53/2019/QH14,non-economics,Văn bản hết hiệu lực một phần,D:\Github\KLTN\application\inputs\full_law\Luật-53-2019-QH14.docx,.docx,,53/2019/QH14,OK,,METADATA_ROW,True
180,Luật-53-2024-QH15,LUẬT,2024,"Luật Phòng, Chống Mua Bán Người",53/2024/QH15,non-economics,Văn bản hết hiệu lực một phần,D:\Github\KLTN\application\inputs\full_law\Luật-53-2024-QH15.docx,.docx,,53/2024/QH15,OK,,METADATA_ROW,True
181,Luật-54-2010-QH12,LUẬT,2010,Luật Trọng Tài Thương Mại,54/2010/QH12,economics,Văn bản bị sửa đổi,D:\Github\KLTN\application\inputs\full_law\Luật-54-2010-QH12.docx,.docx,,54/2010/QH12,OK,,METADATA_ROW,True
182,Luật-54-2014-QH13,LUẬT,2014,Luật Hải Quan,54/2014/QH13,economics,Văn bản hết hiệu lực một phần,D:\Github\KLTN\application\inputs\full_law\Luật-54-2014-QH13.docx,.docx,,54/2014/QH13,OK,,METADATA_ROW,True
183,Luật-54-2019-QH14,LUẬT,2019,Luật Chứng Khoán,54/2019/QH14,economics,Văn bản hết hiệu lực một phần,D:\Github\KLTN\application\inputs\full_law\Luật-54-2019-QH14.docx,.docx,,54/2019/QH14,OK,,METADATA_ROW,True
184,Luật-54-2024-QH15,LUẬT,2024,Luật Địa Chất Và Khoáng Sản,54/2024/QH15,non-economics,Văn bản còn hiệu lực,D:\Github\KLTN\application\inputs\full_law\Luật-54-2024-QH15.docx,.docx,,54/2024/QH15,OK,,METADATA_ROW,True
185,Luật-55-2010-QH12,LUẬT,2010,Luật An Toàn Thực Phẩm,55/2010/QH12,non-economics,Văn bản hết hiệu lực một phần,D:\Github\KLTN\application\inputs\full_law\Luật-55-2010-QH12.docx,.docx,,55/2010/QH12,OK,,METADATA_ROW,True
186,Luật-55-2019-QH14,LUẬT,2019,"Luật SỬA ĐỔI, BỔ SUNG MỘT SỐ ĐIỀU CỦA LUẬT KIỂM TOÁN NHÀ NƯỚC",55/2019/QH14,economics,Văn bản còn hiệu lực,D:\Github\KLTN\application\inputs\full_law\Luật-55-2019-QH14.docx,.docx,"SỬA ĐỔI, BỔ SUNG",55/2019/QH14,OK,,METADATA_ROW,True
187,Luật-55-2024-QH15,LUẬT,2024,"Luật Phòng Cháy, Chữa Cháy Và Cứu Nạn, Cứu Hộ",55/2024/QH15,non-economics,Văn bản còn hiệu lực,D:\Github\KLTN\application\inputs\full_law\Luật-55-2024-QH15.docx,.docx,,55/2024/QH15,OK,,METADATA_ROW,True
188,Luật-56-2014-QH13,LUẬT,2014,"Luật Sửa Đổi, Bổ Sung Một Số Điều Của Luật Quốc Tịch Việt Nam",56/2014/QH13,non-economics,Văn bản bị sửa đổi,D:\Github\KLTN\application\inputs\full_law\Luật-56-2014-QH13.docx,.docx,"SỬA ĐỔI, BỔ SUNG",56/2014/QH13,OK,,METADATA_ROW,True
189,Luật-56-2020-QH14,LUẬT,2020,"Luật Sửa Đổi, Bổ Sung Một Số Điều Của Luật Giám Định Tư Pháp",56/2020/QH14,non-economics,Văn bản còn hiệu lực,D:\Github\KLTN\application\inputs\full_law\Luật-56-2020-QH14.docx,.docx,"SỬA ĐỔI, BỔ SUNG",56/2020/QH14,OK,,METADATA_ROW,True
190,Luật-56-2024-QH15,LUẬT,2024,"LUẬT SỬA ĐỔI, BỔ SUNG MỘT SỐ ĐIỀU CỦA LUẬT CHỨNG KHOÁN, LUẬT KẾ TOÁN, LUẬT KIỂM TOÁN ĐỘC LẬP, LUẬT NGÂN SÁCH NHÀ NƯỚC, LUẬT QUẢN LÝ, SỬ DỤNG TÀI SẢN CÔNG, LUẬT QUẢN LÝ THUẾ, LUẬT THUẾ THU NHẬP CÁ NHÂN, LUẬT DỰ TRỮ QUỐC GIA, LUẬT XỬ LÝ VI PHẠM HÀNH CHÍNH",56/2024/QH15,economics,Văn bản hết hiệu lực một phần,D:\Github\KLTN\application\inputs\full_law\Luật-56-2024-QH15.docx,.docx,"SỬA ĐỔI, BỔ SUNG",56/2024/QH15,OK,,METADATA_ROW,True
191,Luật-57-2010-QH12,LUẬT,2010,Luật Thuế Bảo Vệ Môi Trường,57/2010/QH12,economics,Văn bản còn hiệu lực,D:\Github\KLTN\application\inputs\full_law\Luật-57-2010-QH12.docx,.docx,,57/2010/QH12,OK,,METADATA_ROW,True
192,Luật-57-2014-QH13,LUẬT,2014,Luật Tổ Chức Quốc Hội,57/2014/QH13,non-economics,Văn bản hết hiệu lực một phần,D:\Github\KLTN\application\inputs\full_law\Luật-57-2014-QH13.docx,.docx,,57/2014/QH13,OK,,METADATA_ROW,True
193,Luật-57-2020-QH14,LUẬT,2020,Luật Thanh Niên,57/2020/QH14,non-economics,Văn bản bị sửa đổi,D:\Github\KLTN\application\inputs\full_law\Luật-57-2020-QH14.docx,.docx,,57/2020/QH14,OK,,METADATA_ROW,True
194,Luật-57-2024-QH15,LUẬT,2024,"Luật Sửa Đổi, Bổ Sung Một Số Điều Của Luật Quy Hoạch, Luật Đầu Tư, Luật Đầu Tư Theo Phương Thức Đối Tác Công Tư Và Luật Đấu Thầu",57/2024/QH15,non-economics,Văn bản hết hiệu lực một phần,D:\Github\KLTN\application\inputs\full_law\Luật-57-2024-QH15.docx,.docx,"SỬA ĐỔI, BỔ SUNG",57/2024/QH15,OK,,METADATA_ROW,True
195,Luật-58-2010-QH12,LUẬT,2010,Luật Viên Chức,58/2010/QH12,non-economics,Văn bản hết hiệu lực một phần,D:\Github\KLTN\application\inputs\full_law\Luật-58-2010-QH12.docx,.docx,,58/2010/QH12,OK,,METADATA_ROW,True
196,Luật-58-2020-QH14,LUẬT,2020,"Luật Hòa Giải, Đối Thoại Tại Tòa Án",58/2020/QH14,non-economics,Văn bản hết hiệu lực một phần,D:\Github\KLTN\application\inputs\full_law\Luật-58-2020-QH14.docx,.docx,,58/2020/QH14,OK,,METADATA_ROW,True
197,Luật-58-2024-QH15,LUẬT,2024,Luật Đầu Tư Công,58/2024/QH15,economics,Văn bản hết hiệu lực một phần,D:\Github\KLTN\application\inputs\full_law\Luật-58-2024-QH15.docx,.docx,,58/2024/QH15,OK,,METADATA_ROW,True
198,Luật-59-2020-QH14,LUẬT,2020,Luật Doanh Nghiệp,59/2020/QH14,economics,Văn bản hết hiệu lực một phần,D:\Github\KLTN\application\inputs\full_law\Luật-59-2020-QH14.docx,.docx,,59/2020/QH14,OK,,METADATA_ROW,True
199,Luật-59-2024-QH15,LUẬT,2024,Luật Tư Pháp Người Chưa Thành Niên,59/2024/QH15,non-economics,Văn bản hết hiệu lực một phần,D:\Github\KLTN\application\inputs\full_law\Luật-59-2024-QH15.docx,.docx,,59/2024/QH15,OK,,METADATA_ROW,True
200,Luật-60-2014-QH13,LUẬT,2014,Luật Hộ Tịch,60/2014/QH13,non-economics,Văn bản còn hiệu lực,D:\Github\KLTN\application\inputs\full_law\Luật-60-2014-QH13.docx,.docx,,60/2014/QH13,OK,,METADATA_ROW,True
201,Luật-60-2020-QH14,LUẬT,2020,"Luật Sửa Đổi, Bổ Sung Một Số Điều Của Luật Phòng, Chống Thiên Tai Và Luật Đê Điều",60/2020/QH14,non-economics,Văn bản hết hiệu lực một phần,D:\Github\KLTN\application\inputs\full_law\Luật-60-2020-QH14.docx,.docx,"SỬA ĐỔI, BỔ SUNG",60/2020/QH14,OK,,METADATA_ROW,True
202,Luật-60-2024-QH15,LUẬT,2024,Luật Dữ Liệu,60/2024/QH15,economics,Văn bản còn hiệu lực,D:\Github\KLTN\application\inputs\full_law\Luật-60-2024-QH15.docx,.docx,,60/2024/QH15,OK,,METADATA_ROW,True
203,Luật-61-2014-QH13,LUẬT,2014,"Luật Sửa Đổi, Bổ Sung Một Số Điều Của Luật Hàng Không Dân Dụng Việt Nam",61/2014/QH13,non-economics,Văn bản hết hiệu lực một phần,D:\Github\KLTN\application\inputs\full_law\Luật-61-2014-QH13.docx,.docx,"SỬA ĐỔI, BỔ SUNG",61/2014/QH13,OK,,METADATA_ROW,True
204,Luật-61-2020-QH14,LUẬT,2020,Luật Đầu Tư,61/2020/QH14,economics,Văn bản hết hiệu lực một phần,D:\Github\KLTN\application\inputs\full_law\Luật-61-2020-QH14.docx,.docx,,61/2020/QH14,OK,,METADATA_ROW,True
205,Luật-61-2024-QH15,LUẬT,2024,Luật Điện Lực,61/2024/QH15,non-economics,Văn bản còn hiệu lực,D:\Github\KLTN\application\inputs\full_law\Luật-61-2024-QH15.docx,.docx,,61/2024/QH15,OK,,METADATA_ROW,True
206,Luật-62-2020-QH14,LUẬT,2020,"Luật Sửa Đổi, Bổ Sung Một Số Điều Của Luật Xây Dựng",62/2020/QH14,non-economics,Văn bản hết hiệu lực một phần,D:\Github\KLTN\application\inputs\full_law\Luật-62-2020-QH14.docx,.docx,"SỬA ĐỔI, BỔ SUNG",62/2020/QH14,OK,,METADATA_ROW,True
207,Luật-62-2025-QH15,LUẬT,2025,"Luật Sửa Đổi, Bổ Sung Một Số Điều Của Luật Tổ Chức Quốc Hội",62/2025/QH15,non-economics,Văn bản còn hiệu lực,D:\Github\KLTN\application\inputs\full_law\Luật-62-2025-QH15.docx,.docx,"SỬA ĐỔI, BỔ SUNG",62/2025/QH15,OK,,METADATA_ROW,True
208,Luật-63-2014-QH13,LUẬT,2014,Luật Tổ Chức Viện Kiểm Sát Nhân Dân,63/2014/QH13,non-economics,Văn bản hết hiệu lực một phần,D:\Github\KLTN\application\inputs\full_law\Luật-63-2014-QH13.docx,.docx,,63/2014/QH13,OK,,METADATA_ROW,True
209,Luật-63-2025-QH15,LUẬT,2025,Luật Tổ Chức Chính Phủ,63/2025/QH15,non-economics,Văn bản còn hiệu lực,D:\Github\KLTN\application\inputs\full_law\Luật-63-2025-QH15.docx,.docx,,63/2025/QH15,OK,,METADATA_ROW,True
210,Luật-64-2006-QH11,LUẬT,2006,"Luật Phòng, Chống Nhiễm Vi Rút Gây Ra Hội Chứng Suy Giảm Miễn Dịch Mắc Phải Ở Người (Hiv/Aids)",64/2006/QH11,non-economics,Văn bản hết hiệu lực một phần,D:\Github\KLTN\application\inputs\full_law\Luật-64-2006-QH11.docx,.docx,,64/2006/QH11,OK,,METADATA_ROW,True
211,Luật-64-2014-QH13,LUẬT,2014,"Luật Sửa Đổi, Bổ Sung Một Số Điều CỦA LUẬT THI HÀNH ÁN DÂN SỰ",64/2014/QH13,non-economics,Văn bản hết hiệu lực một phần,D:\Github\KLTN\application\inputs\full_law\Luật-64-2014-QH13.docx,.docx,"SỬA ĐỔI, BỔ SUNG",64/2014/QH13,OK,,METADATA_ROW,True
212,Luật-64-2020-QH14,LUẬT,2020,Luật Đầu Tư Theo Phương Thức Đối Tác Công Tư,64/2020/QH14,economics,Văn bản hết hiệu lực một phần,D:\Github\KLTN\application\inputs\full_law\Luật-64-2020-QH14.docx,.docx,,64/2020/QH14,OK,,METADATA_ROW,True
213,Luật-64-2025-QH15,LUẬT,2025,Luật Ban Hành Văn Bản Quy Phạm Pháp Luật,64/2025/QH15,non-economics,Văn bản bị sửa đổi,D:\Github\KLTN\application\inputs\full_law\Luật-64-2025-QH15.docx,.docx,,64/2025/QH15,OK,,METADATA_ROW,True
214,Luật-65-2006-QH11,LUẬT,2006,Luật Luật Sư,65/2006/QH11,non-economics,Văn bản hết hiệu lực một phần,D:\Github\KLTN\application\inputs\full_law\Luật-65-2006-QH11.docx,.docx,,65/2006/QH11,OK,,METADATA_ROW,True
215,Luật-65-2020-QH14,LUẬT,2020,"Luật SỬA ĐỔI, BỔ SUNG MỘT SỐ ĐIỀU CỦA LUẬT TỔ CHỨC QUỐC HỘI",65/2020/QH14,non-economics,Văn bản bị sửa đổi,D:\Github\KLTN\application\inputs\full_law\Luật-65-2020-QH14.docx,.docx,"SỬA ĐỔI, BỔ SUNG",65/2020/QH14,OK,,METADATA_ROW,True
216,Luật-66-2006-QH11,LUẬT,2006,Luật Hàng Không Dân Dụng Việt Nam,66/2006/QH11,non-economics,Văn bản hết hiệu lực một phần,D:\Github\KLTN\application\inputs\full_law\Luật-66-2006-QH11.docx,.docx,,66/2006/QH11,OK,,METADATA_ROW,True
217,Luật-66-2020-QH14,LUẬT,2020,Luật Biên Phòng Việt Nam,66/2020/QH14,non-economics,Văn bản bị sửa đổi,D:\Github\KLTN\application\inputs\full_law\Luật-66-2020-QH14.docx,.docx,,66/2020/QH14,OK,,METADATA_ROW,True
218,Luật-66-2025-QH15,LUẬT,2025,Luật Thuế Tiêu Thụ Đặc Biệt,66/2025/QH15,economics,Văn bản chưa áp dụng,D:\Github\KLTN\application\inputs\full_law\Luật-66-2025-QH15.docx,.docx,,66/2025/QH15,OK,,METADATA_ROW,True
219,Luật-67-2006-QH11,LUẬT,2006,Luật Công Nghệ Thông Tin,67/2006/QH11,economics,Văn bản hết hiệu lực một phần,D:\Github\KLTN\application\inputs\full_law\Luật-67-2006-QH11.docx,.docx,,67/2006/QH11,OK,,METADATA_ROW,True
220,Luật-67-2011-QH12,LUẬT,2011,Luật Kiểm Toán Độc Lập,67/2011/QH12,economics,Văn bản hết hiệu lực một phần,D:\Github\KLTN\application\inputs\full_law\Luật-67-2011-QH12.docx,.docx,,67/2011/QH12,OK,,METADATA_ROW,True
221,Luật-67-2020-QH14,LUẬT,2020,"Luật Sửa Đổi, Bổ Sung Một Số Điều Của Luật Xử Lý Vi Phạm Hành Chính",67/2020/QH14,economics,Văn bản hết hiệu lực một phần,D:\Github\KLTN\application\inputs\full_law\Luật-67-2020-QH14.docx,.docx,"SỬA ĐỔI, BỔ SUNG",67/2020/QH14,OK,,METADATA_ROW,True
222,Luật-67-2025-QH15,LUẬT,2025,Luật Thuế Thu Nhập Doanh Nghiệp,67/2025/QH15,economics,Văn bản chưa áp dụng,D:\Github\KLTN\application\inputs\full_law\Luật-67-2025-QH15.docx,.docx,,67/2025/QH15,OK,,METADATA_ROW,True
223,Luật-68-2006-QH11,LUẬT,2006,Luật Tiêu Chuẩn Và Quy Chuẩn Kỹ Thuật,68/2006/QH11,economics,Văn bản hết hiệu lực một phần,D:\Github\KLTN\application\inputs\full_law\Luật-68-2006-QH11.docx,.docx,,68/2006/QH11,OK,,METADATA_ROW,True
224,Luật-68-2020-QH14,LUẬT,2020,Luật Cư Trú,68/2020/QH14,non-economics,Văn bản hết hiệu lực một phần,D:\Github\KLTN\application\inputs\full_law\Luật-68-2020-QH14.docx,.docx,,68/2020/QH14,OK,,METADATA_ROW,True
225,Luật-68-2025-QH15,LUẬT,2025,Luật Quản Lý Và Đầu Tư Vốn Nhà Nước Tại Doanh Nghiệp,68/2025/QH15,economics,Văn bản còn hiệu lực,D:\Github\KLTN\application\inputs\full_law\Luật-68-2025-QH15.docx,.docx,,68/2025/QH15,OK,,METADATA_ROW,True
226,Luật-69-2020-QH14,LUẬT,2020,Luật Người Lao Động Việt Nam Đi Làm Việc Ở Nước Ngoài Theo Hợp Đồng,69/2020/QH14,non-economics,Văn bản bị sửa đổi,D:\Github\KLTN\application\inputs\full_law\Luật-69-2020-QH14.docx,.docx,,69/2020/QH14,OK,,METADATA_ROW,True
227,Luật-69-2025-QH15,LUẬT,2025,Luật Hóa Chất,69/2025/QH15,non-economics,Văn bản chưa áp dụng,D:\Github\KLTN\application\inputs\full_law\Luật-69-2025-QH15.docx,.docx,,69/2025/QH15,OK,,METADATA_ROW,True
228,Luật-70-2014-QH13,LUẬT,2014,"Luật Sửa Đổi, Bổ Sung Một Số Điều CỦA LUẬT THUẾ TIÊU THỤ ĐẶC BIỆT",70/2014/QH13,economics,Văn bản bị sửa đổi,D:\Github\KLTN\application\inputs\full_law\Luật-70-2014-QH13.docx,.docx,"SỬA ĐỔI, BỔ SUNG",70/2014/QH13,OK,,METADATA_ROW,True
229,Luật-70-2020-QH14,LUẬT,2020,Luật Thỏa Thuận Quốc Tế,70/2020/QH14,non-economics,Văn bản còn hiệu lực,D:\Github\KLTN\application\inputs\full_law\Luật-70-2020-QH14.docx,.docx,,70/2020/QH14,OK,,METADATA_ROW,True
230,Luật-70-2025-QH15,LUẬT,2025,"Luật Sửa Đổi, Bổ Sung Một Số Điều Của Luật Tiêu Chuẩn Và Quy Chuẩn Kỹ Thuật",70/2025/QH15,economics,Văn bản chưa áp dụng,D:\Github\KLTN\application\inputs\full_law\Luật-70-2025-QH15.docx,.docx,"SỬA ĐỔI, BỔ SUNG",70/2025/QH15,OK,,METADATA_ROW,True
231,Luật-71-2014-QH13,LUẬT,2014,"Luật Sửa Đổi, Bổ Sung Một Số Điều Của Các Luật Về Thuế",71/2014/QH13,economics,Văn bản hết hiệu lực một phần,D:\Github\KLTN\application\inputs\full_law\Luật-71-2014-QH13.docx,.docx,"SỬA ĐỔI, BỔ SUNG",71/2014/QH13,OK,,METADATA_ROW,True
232,Luật-71-2020-QH14,LUẬT,2020,"Luật Sửa Đổi, Bổ Sung Một Số Điều Của Luật Phòng, Chống Nhiễm Vi Rút Gây Ra Hội Chứng Suy Giảm Miễn Dịch Mắc Phải Ở Người (Hiv/Aids)",71/2020/QH14,non-economics,Văn bản còn hiệu lực,D:\Github\KLTN\application\inputs\full_law\Luật-71-2020-QH14.docx,.docx,"SỬA ĐỔI, BỔ SUNG",71/2020/QH14,OK,,METADATA_ROW,True
233,Luật-71-2025-QH15,LUẬT,2025,Luật Công Nghiệp Công Nghệ Số,71/2025/QH15,economics,Văn bản chưa áp dụng,D:\Github\KLTN\application\inputs\full_law\Luật-71-2025-QH15.docx,.docx,,71/2025/QH15,OK,,METADATA_ROW,True
234,Luật-72-2014-QH13,LUẬT,2014,"Luật Sửa Đổi, Bổ Sung Một Số Điều Của Luật SĨ QUAN QUÂN ĐỘI NHÂN DÂN VIỆT NAM",72/2014/QH13,non-economics,Văn bản bị sửa đổi,D:\Github\KLTN\application\inputs\full_law\Luật-72-2014-QH13.docx,.docx,"SỬA ĐỔI, BỔ SUNG",72/2014/QH13,OK,,METADATA_ROW,True
235,Luật-72-2020-QH14,LUẬT,2020,Luật Bảo Vệ Môi Trường,72/2020/QH14,non-economics,Văn bản hết hiệu lực một phần,D:\Github\KLTN\application\inputs\full_law\Luật-72-2020-QH14.docx,.docx,,72/2020/QH14,OK,,METADATA_ROW,True
236,Luật-72-2025-QH15,LUẬT,2025,Luật Tổ Chức Chính Quyền Địa Phương,72/2025/QH15,non-economics,Văn bản còn hiệu lực,D:\Github\KLTN\application\inputs\full_law\Luật-72-2025-QH15.docx,.docx,,72/2025/QH15,OK,,METADATA_ROW,True
237,Luật-73-2006-QH11,LUẬT,2006,Luật Bình Đẳng Giới,73/2006/QH11,non-economics,Văn bản còn hiệu lực,D:\Github\KLTN\application\inputs\full_law\Luật-73-2006-QH11.docx,.docx,,73/2006/QH11,OK,,METADATA_ROW,True
238,Luật-73-2021-QH14,LUẬT,2021,"Luật Phòng, Chống Ma Túy",73/2021/QH14,non-economics,Văn bản bị sửa đổi,D:\Github\KLTN\application\inputs\full_law\Luật-73-2021-QH14.docx,.docx,,73/2021/QH14,OK,,METADATA_ROW,True
239,Luật-73-2025-QH15,LUẬT,2025,Luật Nhà Giáo,73/2025/QH15,non-economics,Văn bản chưa áp dụng,D:\Github\KLTN\application\inputs\full_law\Luật-73-2025-QH15.docx,.docx,,73/2025/QH15,OK,,METADATA_ROW,True
240,Luật-74-2014-QH13,LUẬT,2014,Luật Giáo Dục Nghề Nghiệp,74/2014/QH13,non-economics,Văn bản hết hiệu lực một phần,D:\Github\KLTN\application\inputs\full_law\Luật-74-2014-QH13.docx,.docx,,74/2014/QH13,OK,,METADATA_ROW,True
241,Luật-74-2025-QH15,LUẬT,2025,Luật Việc Làm,74/2025/QH15,economics,Văn bản chưa áp dụng,D:\Github\KLTN\application\inputs\full_law\Luật-74-2025-QH15.docx,.docx,,74/2025/QH15,OK,,METADATA_ROW,True
242,Luật-75-2006-QH11,LUẬT,2006,"Luật Hiến, Lấy, Ghép Mô, Bộ Phận CƠ THỂ NGƯỜI VÀ HIẾN, LẤY XÁC",75/2006/QH11,non-economics,Văn bản còn hiệu lực,D:\Github\KLTN\application\inputs\full_law\Luật-75-2006-QH11.docx,.docx,,75/2006/QH11,OK,,METADATA_ROW,True
243,Luật-75-2015-QH13,LUẬT,2015,Luật Mặt Trận Tổ Quốc Việt Nam,75/2015/QH13,non-economics,Văn bản hết hiệu lực một phần,D:\Github\KLTN\application\inputs\full_law\Luật-75-2015-QH13.docx,.docx,,75/2015/QH13,OK,,METADATA_ROW,True
244,Luật-75-2025-QH15,LUẬT,2025,"Luật Sửa Đổi, Bổ Sung Một Số Điều Của Luật Quảng Cáo",75/2025/QH15,economics,Văn bản chưa áp dụng,D:\Github\KLTN\application\inputs\full_law\Luật-75-2025-QH15.docx,.docx,"SỬA ĐỔI, BỔ SUNG",75/2025/QH15,OK,,METADATA_ROW,True
245,Luật-76-2025-QH15,LUẬT,2025,"Luật Sửa Đổi, Bổ Sung Một Số Điều Của Luật Doanh Nghiệp",76/2025/QH15,economics,Văn bản còn hiệu lực,D:\Github\KLTN\application\inputs\full_law\Luật-76-2025-QH15.docx,.docx,"SỬA ĐỔI, BỔ SUNG",76/2025/QH15,OK,,METADATA_ROW,True
246,Luật-77-2006-QH11,LUẬT,2006,"Luật Thể Dục, Thể Thao",77/2006/QH11,non-economics,Văn bản hết hiệu lực một phần,D:\Github\KLTN\application\inputs\full_law\Luật-77-2006-QH11.docx,.docx,,77/2006/QH11,OK,,METADATA_ROW,True
247,Luật-77-2025-QH15,LUẬT,2025,"Luật SỬA ĐỔI, BỔ SUNG MỘT SỐ ĐIỀU CỦA LUẬT SỬ DỤNG NĂNG LƯỢNG TIẾT KIỆM VÀ HIỆU QUẢ",77/2025/QH15,economics,Văn bản chưa áp dụng,D:\Github\KLTN\application\inputs\full_law\Luật-77-2025-QH15.docx,.docx,"SỬA ĐỔI, BỔ SUNG",77/2025/QH15,OK,,METADATA_ROW,True
248,Luật-78-2015-QH13,LUẬT,2015,Luật Nghĩa Vụ Quân Sự,78/2015/QH13,non-economics,Văn bản hết hiệu lực một phần,D:\Github\KLTN\application\inputs\full_law\Luật-78-2015-QH13.docx,.docx,,78/2015/QH13,OK,,METADATA_ROW,True
249,Luật-78-2025-QH15,LUẬT,2025,"Luật SỬA ĐỔI, BỔ SUNG MỘT SỐ ĐIỀU CỦA LUẬT CHẤT LƯỢNG SẢN PHẨM, HÀNG HÓA",78/2025/QH15,non-economics,Văn bản chưa áp dụng,D:\Github\KLTN\application\inputs\full_law\Luật-78-2025-QH15.docx,.docx,"SỬA ĐỔI, BỔ SUNG",78/2025/QH15,OK,,METADATA_ROW,True
250,Luật-79-2006-QH11,LUẬT,2006,Luật Đê Điều,79/2006/QH11,non-economics,Văn bản hết hiệu lực một phần,D:\Github\KLTN\application\inputs\full_law\Luật-79-2006-QH11.docx,.docx,,79/2006/QH11,OK,,METADATA_ROW,True
251,Luật-79-2015-QH13,LUẬT,2015,Luật Thú Y,79/2015/QH13,non-economics,Văn bản bị sửa đổi,D:\Github\KLTN\application\inputs\full_law\Luật-79-2015-QH13.docx,.docx,,79/2015/QH13,OK,,METADATA_ROW,True
252,Luật-79-2025-QH15,LUẬT,2025,"Luật Sửa Đổi, Bổ Sung Một Số Điều Của Luật Quốc Tịch Việt Nam",79/2025/QH15,non-economics,Văn bản còn hiệu lực,D:\Github\KLTN\application\inputs\full_law\Luật-79-2025-QH15.docx,.docx,"SỬA ĐỔI, BỔ SUNG",79/2025/QH15,OK,,METADATA_ROW,True
253,Luật-80-2025-QH15,LUẬT,2025,"Luật Cán Bộ, Công Chức",80/2025/QH15,non-economics,Văn bản còn hiệu lực,D:\Github\KLTN\application\inputs\full_law\Luật-80-2025-QH15.docx,.docx,,80/2025/QH15,OK,,METADATA_ROW,True
254,Luật-81-2015-QH13,LUẬT,2015,Luật Kiểm Toán Nhà Nước,81/2015/QH13,non-economics,Văn bản hết hiệu lực một phần,D:\Github\KLTN\application\inputs\full_law\Luật-81-2015-QH13.docx,.docx,,81/2015/QH13,OK,,METADATA_ROW,True
255,Luật-81-2025-QH15,LUẬT,2025,"LUẬT SỬA ĐỔI, BỔ SUNG MỘT SỐ ĐIỀU CỦA LUẬT TỔ CHỨC TÒA ÁN NHÂN DÂN",81/2025/QH15,non-economics,Văn bản còn hiệu lực,D:\Github\KLTN\application\inputs\full_law\Luật-81-2025-QH15.docx,.docx,"SỬA ĐỔI, BỔ SUNG",81/2025/QH15,OK,,METADATA_ROW,True
256,Luật-82-2015-QH13,LUẬT,2015,"Luật Tài Nguyên, Môi Trường Biển Và Hải Đảo",82/2015/QH13,non-economics,Văn bản hết hiệu lực một phần,D:\Github\KLTN\application\inputs\full_law\Luật-82-2015-QH13.docx,.docx,,82/2015/QH13,OK,,METADATA_ROW,True
257,Luật-82-2025-QH15,LUẬT,2025,"Luật SỬA ĐỔI, BỔ SUNG MỘT SỐ ĐIỀU CỦA LUẬT TỔ CHỨC VIỆN KIỂM SÁT NHÂN DÂN",82/2025/QH15,non-economics,Văn bản còn hiệu lực,D:\Github\KLTN\application\inputs\full_law\Luật-82-2025-QH15.docx,.docx,"SỬA ĐỔI, BỔ SUNG",82/2025/QH15,OK,,METADATA_ROW,True
258,Luật-83-2015-QH13,LUẬT,2015,Luật Ngân Sách Nhà Nước,83/2015/QH13,non-economics,Văn bản bị sửa đổi,D:\Github\KLTN\application\inputs\full_law\Luật-83-2015-QH13.docx,.docx,,83/2015/QH13,OK,,METADATA_ROW,True
259,Luật-83-2025-QH15,LUẬT,2025,"Luật SỬA ĐỔI, BỔ SUNG MỘT SỐ ĐIỀU CỦA LUẬT BẦU CỬ ĐẠI BIỂU QUỐC HỘI VÀ ĐẠI BIỂU HỘI ĐỒNG NHÂN DÂN",83/2025/QH15,non-economics,Văn bản còn hiệu lực,D:\Github\KLTN\application\inputs\full_law\Luật-83-2025-QH15.docx,.docx,"SỬA ĐỔI, BỔ SUNG",83/2025/QH15,OK,,METADATA_ROW,True
260,Luật-84-2015-QH13,LUẬT,2015,"Luật An Toàn, Vệ Sinh Lao Động",84/2015/QH13,non-economics,Văn bản hết hiệu lực một phần,D:\Github\KLTN\application\inputs\full_law\Luật-84-2015-QH13.docx,.docx,,84/2015/QH13,OK,,METADATA_ROW,True
261,Luật-84-2025-QH15,LUẬT,2025,Luật Thanh Tra,84/2025/QH15,non-economics,Văn bản còn hiệu lực,D:\Github\KLTN\application\inputs\full_law\Luật-84-2025-QH15.docx,.docx,,84/2025/QH15,OK,,METADATA_ROW,True
262,Luật-85-2015-QH13,LUẬT,2015,Luật Bầu Cử Đại Biểu Quốc Hội VÀ ĐẠI BIỂU HỘI ĐỒNG NHÂN DÂN,85/2015/QH13,non-economics,Văn bản hết hiệu lực một phần,D:\Github\KLTN\application\inputs\full_law\Luật-85-2015-QH13.docx,.docx,,85/2015/QH13,OK,,METADATA_ROW,True
263,Luật-85-2025-QH15,LUẬT,2025,"Luật SỬA ĐỔI, BỔ SUNG MỘT SỐ ĐIỀU CỦA BỘ LUẬT TỐ TỤNG DÂN SỰ, LUẬT TỐ TỤNG HÀNH CHÍNH, LUẬT TƯ PHÁP NGƯỜI CHƯA THÀNH NIÊN, LUẬT PHÁ SẢN VÀ LUẬT HÒA GIẢI, ĐỐI THOẠI TẠI TÒA ÁN",85/2025/QH15,non-economics,Văn bản còn hiệu lực,D:\Github\KLTN\application\inputs\full_law\Luật-85-2025-QH15.docx,.docx,"SỬA ĐỔI, BỔ SUNG",85/2025/QH15,OK,,METADATA_ROW,True
264,Luật-86-2015-QH13,LUẬT,2015,Luật An Toàn Thông Tin Mạng,86/2015/QH13,economics,Văn bản hết hiệu lực một phần,D:\Github\KLTN\application\inputs\full_law\Luật-86-2015-QH13.docx,.docx,,86/2015/QH13,OK,,METADATA_ROW,True
265,Luật-86-2025-QH15,LUẬT,2025,"Luật Sửa Đổi, Bổ Sung Một Số Điều Của Bộ Luật Hình Sự",86/2025/QH15,non-economics,Văn bản còn hiệu lực,D:\Github\KLTN\application\inputs\full_law\Luật-86-2025-QH15.docx,.docx,"SỬA ĐỔI, BỔ SUNG",86/2025/QH15,OK,,METADATA_ROW,True
266,Luật-87-2025-QH15,LUẬT,2025,"LUẬT SỬA ĐỔI, BỔ SUNG MỘT SỐ ĐIỀU CỦA LUẬT BAN HÀNH VĂN BẢN QUY PHẠM PHÁP LUẬT",87/2025/QH15,non-economics,Văn bản còn hiệu lực,D:\Github\KLTN\application\inputs\full_law\Luật-87-2025-QH15.docx,.docx,"SỬA ĐỔI, BỔ SUNG",87/2025/QH15,OK,,METADATA_ROW,True
267,Luật-88-2015-QH13,LUẬT,2015,Luật Kế Toán,88/2015/QH13,economics,Văn bản hết hiệu lực một phần,D:\Github\KLTN\application\inputs\full_law\Luật-88-2015-QH13.docx,.docx,,88/2015/QH13,OK,,METADATA_ROW,True
268,Luật-88-2025-QH15,LUẬT,2025,"Luật SỬA ĐỔI, BỔ SUNG MỘT SỐ ĐIỀU CỦA LUẬT XỬ LÝ VI PHẠM HÀNH CHÍNH",88/2025/QH15,non-economics,Văn bản còn hiệu lực,D:\Github\KLTN\application\inputs\full_law\Luật-88-2025-QH15.docx,.docx,"SỬA ĐỔI, BỔ SUNG",88/2025/QH15,OK,,METADATA_ROW,True
269,Luật-89-2015-QH13,LUẬT,2015,Luật Thống Kê,89/2015/QH13,economics,Văn bản bị sửa đổi,D:\Github\KLTN\application\inputs\full_law\Luật-89-2015-QH13.docx,.docx,,89/2015/QH13,OK,,METADATA_ROW,True
270,Luật-89-2025-QH15,LUẬT,2025,Luật Ngân Sách Nhà Nước,89/2025/QH15,non-economics,Văn bản chưa áp dụng,D:\Github\KLTN\application\inputs\full_law\Luật-89-2025-QH15.docx,.docx,,89/2025/QH15,OK,,METADATA_ROW,True
271,Luật-90-2015-QH13,LUẬT,2015,Luật Khí Tượng Thủy Văn,90/2015/QH13,non-economics,Văn bản hết hiệu lực một phần,D:\Github\KLTN\application\inputs\full_law\Luật-90-2015-QH13.docx,.docx,,90/2015/QH13,OK,,METADATA_ROW,True
272,Luật-90-2025-QH15,LUẬT,2025,"Luật SỬA ĐỔI, BỔ SUNG MỘT SỐ ĐIỀU CỦA LUẬT ĐẤU THẦU, LUẬT ĐẦU TƯ THEO PHƯƠNG THỨC ĐỐI TÁC CÔNG TƯ, LUẬT HẢI QUAN, LUẬT THUẾ GIÁ TRỊ GIA TĂNG, LUẬT THUẾ XUẤT KHẨU, THUẾ NHẬP KHẨU, LUẬT ĐẦU TƯ, LUẬT ĐẦU TƯ CÔNG, LUẬT QUẢN LÝ, SỬ DỤNG TÀI SẢN CÔNG",90/2025/QH15,economics,Văn bản còn hiệu lực,D:\Github\KLTN\application\inputs\full_law\Luật-90-2025-QH15.docx,.docx,"SỬA ĐỔI, BỔ SUNG",90/2025/QH15,OK,,METADATA_ROW,True
273,Luật-91-2025-QH15,LUẬT,2025,Luật Bảo Vệ Dữ Liệu Cá Nhân,91/2025/QH15,economics,Văn bản chưa áp dụng,D:\Github\KLTN\application\inputs\full_law\Luật-91-2025-QH15.docx,.docx,,91/2025/QH15,OK,,METADATA_ROW,True
274,Luật-92-2025-QH15,LUẬT,2025,Luật Tham Gia Lực Lượng Gìn Giữ Hòa Bình Của Liên Hợp Quốc,92/2025/QH15,non-economics,Văn bản chưa áp dụng,D:\Github\KLTN\application\inputs\full_law\Luật-92-2025-QH15.docx,.docx,,92/2025/QH15,OK,,METADATA_ROW,True
275,Luật-93-2015-QH13,LUẬT,2015,Luật Tố Tụng Hành Chính,93/2015/QH13,non-economics,Văn bản hết hiệu lực một phần,D:\Github\KLTN\application\inputs\full_law\Luật-93-2015-QH13.docx,.docx,,93/2015/QH13,OK,,METADATA_ROW,True
276,Luật-93-2025-QH15,LUẬT,2025,"Luật Khoa Học, Công Nghệ Và Đổi Mới Sáng Tạo",93/2025/QH15,economics,Văn bản chưa áp dụng,D:\Github\KLTN\application\inputs\full_law\Luật-93-2025-QH15.docx,.docx,,93/2025/QH15,OK,,METADATA_ROW,True
277,Luật-94-2015-QH13,LUẬT,2015,"Luật Thi Hành Tạm Giữ, Tạm Giam",94/2015/QH13,non-economics,Văn bản bị sửa đổi,D:\Github\KLTN\application\inputs\full_law\Luật-94-2015-QH13.docx,.docx,,94/2015/QH13,OK,,METADATA_ROW,True
278,Luật-94-2025-QH15,LUẬT,2025,Luật Năng Lượng Nguyên Tử,94/2025/QH15,non-economics,Văn bản chưa áp dụng,D:\Github\KLTN\application\inputs\full_law\Luật-94-2025-QH15.docx,.docx,,94/2025/QH15,OK,,METADATA_ROW,True
279,Luật-95-2025-QH15,LUẬT,2025,Luật Đường Sắt,95/2025/QH15,non-economics,Văn bản chưa áp dụng,D:\Github\KLTN\application\inputs\full_law\Luật-95-2025-QH15.docx,.docx,,95/2025/QH15,OK,,METADATA_ROW,True
280,Luật-96-2015-QH13,LUẬT,2015,Luật Trưng Cầu Ý Dân,96/2015/QH13,non-economics,Văn bản còn hiệu lực,D:\Github\KLTN\application\inputs\full_law\Luật-96-2015-QH13.docx,.docx,,96/2015/QH13,OK,,METADATA_ROW,True
281,Luật-96-2025-QH15,LUẬT,2025,"Luật SỬA ĐỔI, BỔ SUNG MỘT SỐ ĐIỀU CỦA LUẬT CÁC TỔ CHỨC TÍN DỤNG",96/2025/QH15,economics,Văn bản chưa áp dụng,D:\Github\KLTN\application\inputs\full_law\Luật-96-2025-QH15.docx,.docx,"SỬA ĐỔI, BỔ SUNG",96/2025/QH15,OK,,METADATA_ROW,True
282,Luật-97-2015-QH13,LUẬT,2015,Luật Phí Và Lệ Phí,97/2015/QH13,non-economics,Văn bản hết hiệu lực một phần,D:\Github\KLTN\application\inputs\full_law\Luật-97-2015-QH13.docx,.docx,,97/2015/QH13,OK,,METADATA_ROW,True
283,Luật-97-2025-QH15,LUẬT,2025,"Luật SỬA ĐỔI, BỔ SUNG MỘT SỐ ĐIỀU CỦA LUẬT MẶT TRẬN TỔ QUỐC VIỆT NAM, LUẬT CÔNG ĐOÀN, LUẬT THANH NIÊN VÀ LUẬT THỰC HIỆN DÂN CHỦ Ở CƠ SỞ",97/2025/QH15,non-economics,Văn bản còn hiệu lực,D:\Github\KLTN\application\inputs\full_law\Luật-97-2025-QH15.docx,.docx,"SỬA ĐỔI, BỔ SUNG",97/2025/QH15,OK,,METADATA_ROW,True
284,Luật-98-2015-QH13,LUẬT,2015,"Luật Quân Nhân Chuyên Nghiệp, Công Nhân Và Viên Chức Quốc Phòng",98/2015/QH13,non-economics,Văn bản bị sửa đổi,D:\Github\KLTN\application\inputs\full_law\Luật-98-2015-QH13.docx,.docx,,98/2015/QH13,OK,,METADATA_ROW,True
285,Luật-98-2025-QH15,LUẬT,2025,"Luật SỬA ĐỔI, BỔ SUNG MỘT SỐ ĐIỀU CỦA 11 LUẬT VỀ QUÂN SỰ, QUỐC PHÒNG",98/2025/QH15,non-economics,Văn bản còn hiệu lực,D:\Github\KLTN\application\inputs\full_law\Luật-98-2025-QH15.docx,.docx,"SỬA ĐỔI, BỔ SUNG",98/2025/QH15,OK,,METADATA_ROW,True
286,Luật-99-2015-QH13,LUẬT,2015,Luật Tổ Chức Cơ Quan Điều Tra Hình Sự,99/2015/QH13,non-economics,Văn bản hết hiệu lực một phần,D:\Github\KLTN\application\inputs\full_law\Luật-99-2015-QH13.docx,.docx,,99/2015/QH13,OK,,METADATA_ROW,True
287,Luật-99-2025-QH15,LUẬT,2025,"Luật Sửa Đổi, Bổ Sung Một Số Điều Của Bộ Luật Tố Tụng Hình Sự",99/2025/QH15,non-economics,Văn bản còn hiệu lực,D:\Github\KLTN\application\inputs\full_law\Luật-99-2025-QH15.docx,.docx,"SỬA ĐỔI, BỔ SUNG",99/2025/QH15,OK,,METADATA_ROW,True
